graph,pair_min,pair_max,edge_type,n_events,first_time,last_time,active_days
q1_graph1,464459,533140,email,3,2025-02-17 19:13:34,2025-04-01 20:04:17,3
q1_graph1,464459,568093,email,1,2025-03-17 08:02:08,2025-03-17 08:02:08,1
q1_graph1,464459,616050,phone,1,2025-04-16 12:53:11,2025-04-16 12:53:11,1
q1_graph1,464459,632150,phone,4,2025-03-28 15:16:57,2025-05-09 12:20:46,4
q1_graph1,490041,492777,email,1,2025-04-29 07:30:43,2025-04-29 07:30:43,1
q1_graph1,490041,493044,email,2,2025-04-28 04:41:37,2025-05-01 06:45:03,2
q1_graph1,490041,550361,email,2,2025-04-08 17:45:02,2025-05-03 09:57:26,2
q1_graph1,490041,550361,phone,1,2025-04-16 08:03:13,2025-04-16 08:03:13,1
q1_graph1,490041,589639,email,8,2025-01-19 11:59:31,2025-10-06 06:48:22,7
q1_graph1,490041,589639,phone,6,2025-01-17 09:43:01,2025-10-05 21:42:26,6
q1_graph1,490041,599956,email,13,2025-01-16 02:55:07,2025-05-04 04:44:16,9
q1_graph1,490041,599956,phone,10,2025-01-21 11:16:27,2025-10-06 13:46:19,6
q1_graph1,490041,623295,email,2,2025-04-24 13:15:11,2025-05-03 14:33:25,2
q1_graph1,490041,623295,phone,1,2025-04-18 06:58:37,2025-04-18 06:58:37,1
q1_graph1,490041,635665,email,5,2025-01-16 15:09:43,2025-10-06 09:04:13,5
q1_graph1,490041,635665,phone,3,2025-01-18 15:03:20,2025-01-22 08:29:36,3
q1_graph1,490041,640464,phone,1,2025-04-26 03:04:18,2025-04-26 03:04:18,1
q1_graph1,492777,493044,email,4,2025-09-14 03:13:17,2025-09-25 21:20:52,4
q1_graph1,492777,493044,phone,3,2025-08-31 00:08:53,2025-09-22 12:42:18,3
q1_graph1,492777,550361,email,3,2025-08-30 08:47:38,2025-09-19 01:28:54,3
q1_graph1,492777,550361,phone,1,2025-08-30 00:03:59,2025-08-30 00:03:59,1
q1_graph1,492777,596193,email,6,2025-04-12 08:28:20,2025-09-24 04:02:21,6
q1_graph1,492777,596193,phone,1,2025-08-30 12:26:07,2025-08-30 12:26:07,1
q1_graph1,492777,599956,phone,4,2025-04-07 02:46:12,2025-05-03 15:27:43,3
q1_graph1,492777,623295,email,7,2025-08-20 16:45:33,2025-09-24 02:39:46,7
q1_graph1,492777,623295,phone,9,2025-08-26 02:17:20,2025-09-17 20:40:22,9
q1_graph1,492777,635665,email,12,2025-08-22 14:38:52,2025-09-24 11:45:59,11
q1_graph1,492777,635665,phone,8,2025-09-02 02:24:10,2025-09-25 17:15:30,7
q1_graph1,493044,550361,email,1,2025-04-25 12:19:44,2025-04-25 12:19:44,1
q1_graph1,493044,550361,phone,3,2025-09-02 02:31:22,2025-09-19 17:14:22,3
q1_graph1,493044,596193,email,3,2025-04-29 00:21:05,2025-09-09 02:49:41,3
q1_graph1,493044,599956,email,1,2025-04-08 23:34:23,2025-04-08 23:34:23,1
q1_graph1,493044,599956,phone,2,2025-04-12 09:48:40,2025-04-15 00:03:18,2
q1_graph1,493044,623295,phone,1,2025-09-02 12:35:49,2025-09-02 12:35:49,1
q1_graph1,493044,635665,phone,4,2025-08-30 16:34:54,2025-09-24 18:05:30,3
q1_graph1,512397,550287,email,10,2025-04-08 07:35:33,2025-08-23 04:47:59,10
q1_graph1,512397,635665,email,9,2025-03-03 05:09:22,2025-04-06 17:48:44,9
q1_graph1,533140,568093,email,1,2025-02-25 16:42:18,2025-02-25 16:42:18,1
q1_graph1,533140,591682,email,3,2025-01-27 15:00:27,2025-05-13 21:17:34,3
q1_graph1,533140,591682,phone,1,2025-03-12 04:43:07,2025-03-12 04:43:07,1
q1_graph1,533140,616050,email,3,2025-02-18 15:01:06,2025-05-13 12:40:44,3
q1_graph1,533140,616050,phone,5,2025-03-19 21:44:26,2025-05-07 10:28:07,5
q1_graph1,533140,632150,phone,2,2025-04-24 16:54:05,2025-05-08 07:40:57,2
q1_graph1,533140,635665,phone,2,2025-03-19 16:47:06,2025-04-06 08:39:52,2
q1_graph1,550287,635665,email,2,2025-03-07 02:57:35,2025-03-13 03:34:25,2
q1_graph1,550361,589639,email,2,2025-04-12 17:24:49,2025-04-16 21:47:48,2
q1_graph1,550361,596193,email,5,2025-04-12 05:10:34,2025-09-17 03:10:05,5
q1_graph1,550361,596193,phone,1,2025-08-30 14:05:17,2025-08-30 14:05:17,1
q1_graph1,550361,599956,email,3,2025-04-22 01:13:31,2025-05-03 04:59:00,3
q1_graph1,550361,599956,phone,1,2025-05-01 21:45:05,2025-05-01 21:45:05,1
q1_graph1,550361,623295,email,5,2025-04-13 22:35:09,2025-09-02 11:15:53,5
q1_graph1,550361,623295,phone,2,2025-08-31 08:56:27,2025-09-08 10:01:12,2
q1_graph1,550361,635665,email,2,2025-09-07 22:10:17,2025-09-18 18:01:49,2
q1_graph1,550361,635665,phone,2,2025-09-06 05:06:33,2025-09-24 16:53:40,2
q1_graph1,550361,640464,email,1,2025-05-01 03:31:41,2025-05-01 03:31:41,1
q1_graph1,559657,635665,email,5,2025-03-08 10:14:33,2025-03-28 17:05:39,5
q1_graph1,568093,591682,email,1,2025-05-13 09:24:55,2025-05-13 09:24:55,1
q1_graph1,568093,616050,email,2,2025-02-01 11:48:45,2025-04-16 01:16:19,2
q1_graph1,568093,632150,email,4,2025-02-14 10:09:16,2025-04-23 18:32:25,4
q1_graph1,568093,632150,phone,1,2025-02-13 22:31:06,2025-02-13 22:31:06,1
q1_graph1,568093,635665,email,1,2025-04-17 00:56:37,2025-04-17 00:56:37,1
q1_graph1,568093,635665,phone,1,2025-02-08 08:49:11,2025-02-08 08:49:11,1
q1_graph1,570411,599956,email,3,2025-04-07 17:07:47,2025-04-22 15:25:37,3
q1_graph1,570411,599956,phone,1,2025-04-16 08:31:01,2025-04-16 08:31:01,1
q1_graph1,570411,623295,email,3,2025-04-19 02:51:46,2025-04-26 22:54:28,3
q1_graph1,570411,635665,email,2,2025-10-11 05:22:59,2025-10-18 07:56:15,2
q1_graph1,570411,635665,phone,3,2025-10-07 04:55:24,2025-10-18 21:06:42,3
q1_graph1,570411,640464,email,3,2025-10-07 22:16:47,2025-10-09 12:55:13,2
q1_graph1,570411,640464,phone,5,2025-10-13 09:53:55,2025-10-18 16:09:19,4
q1_graph1,589639,599956,email,4,2025-01-17 15:19:24,2025-01-20 14:09:10,3
q1_graph1,589639,599956,phone,10,2025-01-17 23:13:06,2025-10-06 05:55:47,8
q1_graph1,589639,623295,email,1,2025-04-16 20:23:55,2025-04-16 20:23:55,1
q1_graph1,589639,635665,email,3,2025-04-07 17:48:10,2025-10-06 04:25:37,2
q1_graph1,589639,635665,phone,1,2025-10-05 17:44:13,2025-10-05 17:44:13,1
q1_graph1,591682,632150,phone,1,2025-05-01 16:30:25,2025-05-01 16:30:25,1
q1_graph1,596193,599956,phone,1,2025-04-18 18:42:13,2025-04-18 18:42:13,1
q1_graph1,596193,623295,email,5,2025-04-17 01:09:56,2025-09-26 04:58:23,5
q1_graph1,596193,635665,email,4,2025-04-12 00:32:17,2025-09-19 23:47:01,4
q1_graph1,596193,635665,phone,3,2025-09-04 12:28:59,2025-09-25 17:42:43,3
q1_graph1,596193,640464,email,1,2025-04-19 21:38:23,2025-04-19 21:38:23,1
q1_graph1,599956,623295,email,2,2025-04-19 10:40:06,2025-05-03 17:45:00,2
q1_graph1,599956,623295,phone,1,2025-04-26 16:15:48,2025-04-26 16:15:48,1
q1_graph1,599956,635665,email,13,2025-01-16 00:00:00,2025-10-06 03:40:32,8
q1_graph1,599956,635665,phone,3,2025-01-17 11:22:56,2025-04-25 08:35:36,3
q1_graph1,599956,640464,email,2,2025-04-14 01:20:16,2025-04-17 08:43:39,2
q1_graph1,616050,632150,phone,1,2025-02-10 08:43:58,2025-02-10 08:43:58,1
q1_graph1,616050,635665,email,1,2025-03-10 05:34:11,2025-03-10 05:34:11,1
q1_graph1,616050,635665,phone,2,2025-04-21 17:25:01,2025-04-25 09:52:13,2
q1_graph1,623295,635665,email,6,2025-04-06 22:46:58,2025-09-12 18:38:11,6
q1_graph1,623295,635665,phone,8,2025-08-18 23:08:44,2025-09-17 21:35:14,8
q1_graph1,623295,640464,email,1,2025-04-19 17:00:29,2025-04-19 17:00:29,1
q1_graph1,632150,635665,phone,3,2025-02-02 11:32:24,2025-04-29 03:16:20,3
q1_graph1,635665,640464,phone,7,2025-10-11 02:59:57,2025-10-17 14:53:45,6
q1_graph2,477138,505965,email,1,2025-05-23 00:16:07,2025-05-23 00:16:07,1
q1_graph2,477138,505965,phone,1,2025-05-26 06:07:39,2025-05-26 06:07:39,1
q1_graph2,477138,515794,email,2,2025-05-02 10:13:37,2025-05-24 14:05:20,2
q1_graph2,477138,515794,phone,1,2025-05-03 06:30:16,2025-05-03 06:30:16,1
q1_graph2,477138,534449,email,1,2025-05-13 14:39:25,2025-05-13 14:39:25,1
q1_graph2,477138,544615,email,3,2025-05-03 12:08:33,2025-05-15 00:05:35,3
q1_graph2,477138,572413,email,1,2025-05-05 20:50:56,2025-05-05 20:50:56,1
q1_graph2,477138,602912,email,10,2025-05-06 20:34:11,2025-09-26 05:28:20,8
q1_graph2,477138,602912,phone,4,2025-09-08 15:41:12,2025-09-28 02:19:21,4
q1_graph2,477138,629627,email,7,2025-05-09 01:51:11,2025-10-09 06:57:51,6
q1_graph2,477138,629627,phone,9,2025-05-07 13:21:19,2025-10-09 02:24:03,9
q1_graph2,477138,639051,email,12,2025-05-11 07:44:23,2025-10-06 05:35:51,9
q1_graph2,477138,639051,phone,10,2025-08-30 05:35:31,2025-10-09 08:18:37,7
q1_graph2,488928,585212,email,10,2025-03-08 04:53:24,2025-04-01 08:55:31,9
q1_graph2,488928,644830,email,10,2025-02-27 18:42:12,2025-05-08 01:03:54,10
q1_graph2,505965,515794,email,16,2025-01-16 08:04:21,2025-10-18 23:02:28,7
q1_graph2,505965,515794,phone,8,2025-01-16 17:59:56,2025-05-23 05:50:30,6
q1_graph2,505965,534449,email,1,2025-05-03 14:04:35,2025-05-03 14:04:35,1
q1_graph2,505965,534449,phone,2,2025-05-15 04:54:30,2025-05-19 11:33:34,2
q1_graph2,505965,544615,phone,1,2025-05-12 16:05:09,2025-05-12 16:05:09,1
q1_graph2,505965,572413,email,6,2025-05-20 01:19:23,2025-10-18 22:05:44,3
q1_graph2,505965,572413,phone,8,2025-01-16 01:49:31,2025-01-22 16:19:59,5
q1_graph2,505965,602912,phone,3,2025-05-12 07:24:44,2025-05-25 22:51:41,3
q1_graph2,505965,629627,email,15,2025-01-16 03:31:03,2025-10-19 03:26:19,7
q1_graph2,505965,629627,phone,10,2025-01-21 14:25:37,2025-10-19 00:57:49,5
q1_graph2,505965,639051,phone,1,2025-05-03 11:40:12,2025-05-03 11:40:12,1
q1_graph2,515794,534449,email,1,2025-05-04 15:24:13,2025-05-04 15:24:13,1
q1_graph2,515794,544615,email,1,2025-05-27 02:33:13,2025-05-27 02:33:13,1
q1_graph2,515794,544615,phone,1,2025-05-17 14:39:56,2025-05-17 14:39:56,1
q1_graph2,515794,572413,email,4,2025-05-21 12:38:41,2025-10-19 02:08:44,4
q1_graph2,515794,572413,phone,4,2025-01-16 16:25:21,2025-01-21 01:13:11,3
q1_graph2,515794,602912,email,6,2025-05-04 22:27:26,2025-05-28 03:17:42,6
q1_graph2,515794,602912,phone,1,2025-05-16 09:58:04,2025-05-16 09:58:04,1
q1_graph2,515794,629627,email,9,2025-01-19 06:25:55,2025-10-19 02:08:30,6
q1_graph2,515794,629627,phone,13,2025-01-16 05:43:35,2025-10-19 00:09:36,8
q1_graph2,527597,534034,email,3,2025-02-25 00:00:11,2025-04-19 18:27:43,3
q1_graph2,527597,534034,phone,1,2025-03-08 11:15:27,2025-03-08 11:15:27,1
q1_graph2,527597,541017,email,5,2025-02-21 04:57:10,2025-05-11 17:06:34,5
q1_graph2,527597,563211,email,3,2025-02-05 07:17:16,2025-04-19 21:39:36,3
q1_graph2,527597,563211,phone,1,2025-03-15 21:33:19,2025-03-15 21:33:19,1
q1_graph2,527597,582851,email,1,2025-05-03 09:29:03,2025-05-03 09:29:03,1
q1_graph2,527597,582851,phone,6,2025-02-05 23:59:27,2025-05-05 08:30:57,6
q1_graph2,527597,585212,email,2,2025-03-06 12:05:15,2025-04-20 23:50:40,2
q1_graph2,527597,585212,phone,4,2025-02-27 08:22:35,2025-03-29 15:54:47,3
q1_graph2,527597,599441,email,2,2025-02-01 18:50:26,2025-02-28 05:56:13,2
q1_graph2,527597,599441,phone,1,2025-03-11 13:35:07,2025-03-11 13:35:07,1
q1_graph2,527597,629627,email,3,2025-02-22 17:26:08,2025-04-05 13:09:06,3
q1_graph2,534034,563211,email,1,2025-04-04 18:38:02,2025-04-04 18:38:02,1
q1_graph2,534034,582851,email,1,2025-05-09 11:23:46,2025-05-09 11:23:46,1
q1_graph2,534034,585212,email,1,2025-03-10 08:40:27,2025-03-10 08:40:27,1
q1_graph2,534034,585212,phone,2,2025-04-05 05:40:14,2025-04-13 10:25:37,2
q1_graph2,534034,599441,email,2,2025-02-04 23:52:17,2025-05-05 01:34:07,2
q1_graph2,534034,629627,email,4,2025-02-19 15:02:40,2025-04-26 06:44:37,4
q1_graph2,534449,544615,email,14,2025-05-25 11:52:34,2025-11-01 03:12:58,11
q1_graph2,534449,544615,phone,6,2025-10-19 04:08:24,2025-10-28 23:25:50,4
q1_graph2,534449,602912,email,3,2025-05-01 18:55:41,2025-05-29 11:15:54,3
q1_graph2,534449,602912,phone,1,2025-05-12 00:18:24,2025-05-12 00:18:24,1
q1_graph2,534449,629627,email,5,2025-05-25 03:55:53,2025-10-27 09:05:31,5
q1_graph2,534449,629627,phone,16,2025-05-02 05:45:09,2025-10-29 17:36:35,10
q1_graph2,541017,563211,email,1,2025-01-23 22:39:02,2025-01-23 22:39:02,1
q1_graph2,541017,563211,phone,3,2025-01-30 22:09:10,2025-04-01 11:41:19,3
q1_graph2,541017,582851,email,1,2025-05-07 03:57:45,2025-05-07 03:57:45,1
q1_graph2,541017,582851,phone,5,2025-02-03 06:46:31,2025-05-05 11:18:08,5
q1_graph2,541017,585212,email,3,2025-03-16 13:50:24,2025-04-11 03:39:48,3
q1_graph2,541017,585212,phone,1,2025-01-29 10:33:38,2025-01-29 10:33:38,1
q1_graph2,541017,599441,email,2,2025-03-01 22:36:53,2025-04-25 03:40:07,2
q1_graph2,541017,599441,phone,2,2025-04-10 17:10:06,2025-05-09 04:21:03,2
q1_graph2,541017,629627,email,2,2025-03-31 01:02:40,2025-04-08 14:46:24,2
q1_graph2,541017,629627,phone,2,2025-01-28 13:33:55,2025-03-04 10:12:11,2
q1_graph2,544615,572413,email,2,2025-05-20 14:34:50,2025-05-28 17:27:37,2
q1_graph2,544615,602912,email,1,2025-05-26 10:21:27,2025-05-26 10:21:27,1
q1_graph2,544615,602912,phone,1,2025-05-07 04:11:22,2025-05-07 04:11:22,1
q1_graph2,544615,629627,email,4,2025-05-03 01:20:16,2025-10-22 00:04:09,4
q1_graph2,544615,629627,phone,6,2025-05-24 14:44:53,2025-10-27 12:03:49,4
q1_graph2,544615,639051,email,4,2025-05-03 23:49:51,2025-05-28 15:35:23,3
q1_graph2,563211,582851,phone,3,2025-02-09 14:37:56,2025-04-07 22:43:03,3
q1_graph2,563211,585212,email,1,2025-02-18 08:25:30,2025-02-18 08:25:30,1
q1_graph2,563211,585212,phone,3,2025-01-26 14:47:27,2025-03-24 03:38:28,3
q1_graph2,563211,629627,email,3,2025-04-07 17:29:56,2025-05-11 15:27:02,3
q1_graph2,572413,602912,email,3,2025-05-04 04:35:44,2025-05-27 22:20:19,3
q1_graph2,572413,629627,email,4,2025-05-06 07:38:42,2025-10-18 12:49:58,2
q1_graph2,572413,629627,phone,6,2025-01-16 00:00:00,2025-01-22 04:27:43,4
q1_graph2,572413,639051,email,1,2025-05-16 07:43:36,2025-05-16 07:43:36,1
q1_graph2,582851,585212,phone,3,2025-02-07 08:01:53,2025-05-05 18:17:58,3
q1_graph2,582851,599441,email,1,2025-03-21 14:35:54,2025-03-21 14:35:54,1
q1_graph2,582851,629627,email,2,2025-02-09 10:59:55,2025-04-19 15:18:59,2
q1_graph2,582851,629627,phone,1,2025-03-15 09:30:37,2025-03-15 09:30:37,1
q1_graph2,585212,599441,email,2,2025-03-09 07:07:54,2025-04-04 02:12:25,2
q1_graph2,585212,599441,phone,2,2025-01-30 00:24:47,2025-03-20 12:35:32,2
q1_graph2,585212,629627,email,2,2025-02-04 03:39:01,2025-02-21 09:32:04,2
q1_graph2,585212,629627,phone,3,2025-03-11 08:42:10,2025-04-14 01:38:12,3
q1_graph2,585212,644830,email,18,2025-02-27 04:21:41,2025-08-04 23:59:40,17
q1_graph2,599441,629627,email,4,2025-02-06 12:00:53,2025-04-23 03:36:46,4
q1_graph2,602912,629627,email,9,2025-05-07 11:21:00,2025-10-01 01:10:47,9
q1_graph2,602912,629627,phone,8,2025-05-19 10:53:29,2025-10-03 22:47:17,7
q1_graph2,602912,639051,email,6,2025-05-05 06:58:05,2025-09-27 01:27:48,6
q1_graph2,602912,639051,phone,5,2025-09-12 10:00:00,2025-09-22 05:49:47,4
q1_graph2,629627,639051,email,16,2025-09-02 09:36:36,2025-10-10 07:14:53,14
q1_graph2,629627,639051,phone,8,2025-05-15 14:03:39,2025-10-03 17:24:41,8
q1_graph3,493094,521318,email,5,2025-02-25 14:17:40,2025-04-02 11:05:15,5
q1_graph3,493094,536003,email,11,2025-02-23 07:33:02,2025-03-27 04:54:20,11
q1_graph3,493094,542649,email,3,2025-02-26 14:18:56,2025-03-07 22:11:28,3
q1_graph3,493094,572391,email,15,2025-02-19 18:19:58,2025-04-14 14:33:30,15
q1_graph3,493652,516236,phone,2,2025-04-23 15:28:18,2025-05-03 18:34:48,2
q1_graph3,493652,538892,email,2,2025-05-03 08:31:36,2025-05-11 00:55:05,2
q1_graph3,493652,538892,phone,2,2025-04-16 12:09:47,2025-04-28 09:28:14,2
q1_graph3,493652,541619,email,1,2025-04-29 10:51:26,2025-04-29 10:51:26,1
q1_graph3,493652,541619,phone,1,2025-04-30 14:54:27,2025-04-30 14:54:27,1
q1_graph3,493652,544074,email,2,2025-04-17 08:27:23,2025-04-22 12:04:44,2
q1_graph3,493652,544074,phone,1,2025-04-30 00:50:33,2025-04-30 00:50:33,1
q1_graph3,493652,607386,email,1,2025-05-06 05:45:01,2025-05-06 05:45:01,1
q1_graph3,493652,607386,phone,1,2025-04-15 21:50:53,2025-04-15 21:50:53,1
q1_graph3,500813,538892,email,2,2025-02-04 10:28:20,2025-03-17 18:39:09,2
q1_graph3,500813,538892,phone,2,2025-02-12 18:38:19,2025-04-06 19:22:03,2
q1_graph3,500813,542965,email,2,2025-01-27 07:45:31,2025-03-08 20:28:43,2
q1_graph3,500813,542965,phone,3,2025-01-29 16:00:44,2025-04-22 19:58:11,2
q1_graph3,500813,572391,email,1,2025-02-17 16:18:44,2025-02-17 16:18:44,1
q1_graph3,500813,572391,phone,1,2025-02-19 10:13:35,2025-02-19 10:13:35,1
q1_graph3,500813,614761,email,3,2025-01-28 13:09:37,2025-04-22 22:12:36,3
q1_graph3,500813,614761,phone,4,2025-01-26 16:51:26,2025-03-29 04:15:07,4
q1_graph3,516236,538892,phone,2,2025-04-29 14:03:59,2025-05-09 04:25:31,2
q1_graph3,516236,541619,email,1,2025-05-02 22:05:25,2025-05-02 22:05:25,1
q1_graph3,516236,544074,email,3,2025-04-15 16:12:29,2025-05-05 11:07:48,2
q1_graph3,516236,607386,email,1,2025-04-30 05:13:53,2025-04-30 05:13:53,1
q1_graph3,521318,572391,email,7,2025-02-24 23:49:58,2025-04-11 16:08:01,7
q1_graph3,536003,572391,email,4,2025-02-22 21:53:04,2025-03-19 02:24:22,4
q1_graph3,538892,541619,email,8,2025-04-19 22:39:52,2025-08-22 12:28:57,8
q1_graph3,538892,542965,phone,2,2025-04-09 15:01:44,2025-04-17 04:17:31,2
q1_graph3,538892,544074,email,8,2025-07-24 19:57:15,2025-08-21 05:21:07,8
q1_graph3,538892,544074,phone,7,2025-04-22 13:50:10,2025-08-16 23:09:02,7
q1_graph3,538892,572391,phone,3,2025-01-21 05:57:35,2025-04-04 05:36:43,3
q1_graph3,538892,607386,email,2,2025-05-02 05:12:16,2025-05-10 18:39:57,2
q1_graph3,538892,607386,phone,1,2025-04-19 09:46:28,2025-04-19 09:46:28,1
q1_graph3,538892,614761,email,2,2025-01-24 09:13:44,2025-03-06 06:24:50,2
q1_graph3,538892,614761,phone,1,2025-03-06 10:54:21,2025-03-06 10:54:21,1
q1_graph3,541619,544074,email,10,2025-04-24 09:47:13,2025-08-20 20:57:32,10
q1_graph3,541619,544074,phone,9,2025-04-25 02:06:40,2025-08-21 23:20:54,9
q1_graph3,541619,607386,email,2,2025-05-06 18:35:45,2025-05-09 12:31:17,2
q1_graph3,541619,607386,phone,3,2025-04-14 03:45:39,2025-04-22 13:11:24,3
q1_graph3,542649,572391,email,8,2025-04-20 01:00:05,2025-06-08 09:59:16,7
q1_graph3,542965,614761,email,3,2025-01-29 03:02:29,2025-03-30 03:45:25,3
q1_graph3,542965,614761,phone,2,2025-01-20 08:38:06,2025-04-27 06:17:45,2
q1_graph3,544074,607386,email,1,2025-04-16 16:55:05,2025-04-16 16:55:05,1
q1_graph3,572391,614761,email,1,2025-03-01 06:27:35,2025-03-01 06:27:35,1
q1_graph3,572391,614761,phone,4,2025-02-15 15:06:58,2025-05-08 03:28:52,4
q1_graph4,459726,464579,email,1,2025-06-17 01:36:10,2025-06-17 01:36:10,1
q1_graph4,464579,492850,email,1,2025-08-11 10:11:26,2025-08-11 10:11:26,1
q1_graph4,464579,500336,phone,1,2025-09-06 00:13:44,2025-09-06 00:13:44,1
q1_graph4,464579,516393,phone,1,2025-11-15 00:12:11,2025-11-15 00:12:11,1
q1_graph4,464579,521673,phone,1,2025-11-12 15:18:10,2025-11-12 15:18:10,1
q1_graph4,464579,536906,email,1,2025-11-06 02:23:03,2025-11-06 02:23:03,1
q1_graph4,464579,537816,phone,1,2025-05-19 01:28:26,2025-05-19 01:28:26,1
q1_graph4,464579,558089,phone,1,2025-06-09 07:22:54,2025-06-09 07:22:54,1
q1_graph4,464579,571670,phone,1,2025-07-27 02:51:03,2025-07-27 02:51:03,1
q1_graph4,464579,578749,phone,1,2025-06-28 15:01:42,2025-06-28 15:01:42,1
q1_graph4,464579,579305,phone,1,2025-05-07 03:30:26,2025-05-07 03:30:26,1
q1_graph4,464579,580237,phone,1,2025-04-13 05:00:05,2025-04-13 05:00:05,1
q1_graph4,464579,588172,email,1,2025-08-26 01:48:11,2025-08-26 01:48:11,1
q1_graph4,464579,588172,phone,1,2025-10-16 11:53:45,2025-10-16 11:53:45,1
q1_graph4,464579,596726,email,1,2025-05-13 01:31:50,2025-05-13 01:31:50,1
q1_graph4,464579,611238,phone,1,2025-11-01 01:44:57,2025-11-01 01:44:57,1
q1_graph4,464579,611572,email,1,2025-03-20 04:06:23,2025-03-20 04:06:23,1
q1_graph4,464579,623468,email,1,2025-10-06 04:40:25,2025-10-06 04:40:25,1
q1_graph4,464579,636721,email,1,2025-05-31 10:02:32,2025-05-31 10:02:32,1
q1_graph4,464579,645371,phone,1,2025-12-17 03:02:36,2025-12-17 03:02:36,1
q1_graph4,477374,536906,phone,1,2025-10-07 08:10:34,2025-10-07 08:10:34,1
q1_graph4,482012,492850,phone,1,2025-09-18 02:48:16,2025-09-18 02:48:16,1
q1_graph4,482012,569329,phone,1,2025-02-21 05:30:43,2025-02-21 05:30:43,1
q1_graph4,482012,580798,email,1,2025-03-04 11:55:51,2025-03-04 11:55:51,1
q1_graph4,482012,588172,phone,1,2025-06-04 01:03:44,2025-06-04 01:03:44,1
q1_graph4,483005,516873,email,1,2025-02-03 10:20:46,2025-02-03 10:20:46,1
q1_graph4,483005,536906,email,1,2025-07-07 05:08:52,2025-07-07 05:08:52,1
q1_graph4,483005,579305,phone,2,2025-10-08 04:02:22,2025-10-08 17:45:41,1
q1_graph4,483005,655963,email,1,2025-01-15 01:24:04,2025-01-15 01:24:04,1
q1_graph4,492850,536906,phone,1,2025-02-23 11:00:02,2025-02-23 11:00:02,1
q1_graph4,492850,546593,phone,1,2025-01-03 10:50:42,2025-01-03 10:50:42,1
q1_graph4,492850,569329,phone,1,2025-09-05 10:12:08,2025-09-05 10:12:08,1
q1_graph4,492850,580798,email,1,2025-02-04 12:50:30,2025-02-04 12:50:30,1
q1_graph4,492850,580798,phone,1,2025-12-13 06:20:27,2025-12-13 06:20:27,1
q1_graph4,492850,588172,phone,2,2025-10-28 01:48:42,2025-10-28 07:05:03,1
q1_graph4,492850,636721,email,1,2025-07-26 03:18:39,2025-07-26 03:18:39,1
q1_graph4,516873,536906,phone,1,2025-03-27 14:42:42,2025-03-27 14:42:42,1
q1_graph4,516873,585606,email,1,2025-08-29 00:20:35,2025-08-29 00:20:35,1
q1_graph4,536906,541907,email,1,2025-03-11 00:12:12,2025-03-11 00:12:12,1
q1_graph4,536906,544636,phone,1,2025-11-09 05:41:03,2025-11-09 05:41:03,1
q1_graph4,536906,557269,phone,1,2025-12-05 02:32:48,2025-12-05 02:32:48,1
q1_graph4,536906,566580,phone,1,2025-09-15 00:24:40,2025-09-15 00:24:40,1
q1_graph4,536906,569329,email,1,2025-01-11 17:00:06,2025-01-11 17:00:06,1
q1_graph4,536906,571369,email,1,2025-05-06 06:17:58,2025-05-06 06:17:58,1
q1_graph4,536906,579305,phone,1,2025-04-28 10:00:50,2025-04-28 10:00:50,1
q1_graph4,536906,584457,email,1,2025-02-16 01:24:31,2025-02-16 01:24:31,1
q1_graph4,536906,585606,email,1,2025-04-05 05:57:35,2025-04-05 05:57:35,1
q1_graph4,536906,601496,phone,1,2025-07-05 18:22:43,2025-07-05 18:22:43,1
q1_graph4,536906,628320,phone,1,2025-05-06 03:40:10,2025-05-06 03:40:10,1
q1_graph4,536906,636721,phone,1,2025-10-20 01:52:04,2025-10-20 01:52:04,1
q1_graph4,536906,639642,phone,1,2025-08-06 08:48:24,2025-08-06 08:48:24,1
q1_graph4,536906,655963,phone,1,2025-05-26 03:00:27,2025-05-26 03:00:27,1
q1_graph4,536906,657526,phone,1,2025-04-23 12:00:39,2025-04-23 12:00:39,1
q1_graph4,541907,628320,email,1,2025-08-18 07:00:24,2025-08-18 07:00:24,1
q1_graph4,544636,544636,email,1,2025-03-01 00:03:09,2025-03-01 00:03:09,1
q1_graph4,544636,557269,phone,3,2025-01-22 01:56:56,2025-05-10 03:02:09,3
q1_graph4,544636,579305,phone,3,2025-01-24 01:42:04,2025-09-23 07:24:26,3
q1_graph4,544636,585606,phone,1,2025-06-19 09:58:26,2025-06-19 09:58:26,1
q1_graph4,546593,580798,email,1,2025-03-09 03:42:02,2025-03-09 03:42:02,1
q1_graph4,546593,588172,phone,1,2025-03-21 02:24:25,2025-03-21 02:24:25,1
q1_graph4,546593,636721,email,1,2025-03-27 08:14:20,2025-03-27 08:14:20,1
q1_graph4,546593,657526,email,1,2025-05-28 00:00:43,2025-05-28 00:00:43,1
q1_graph4,557269,601496,email,2,2025-01-15 06:40:08,2025-07-15 00:00:23,2
q1_graph4,557269,628320,phone,1,2025-01-03 03:45:26,2025-01-03 03:45:26,1
q1_graph4,557269,639642,email,4,2025-04-22 00:27:49,2025-06-29 06:30:15,4
q1_graph4,557269,639642,phone,2,2025-11-08 11:40:34,2025-12-15 04:12:31,2
q1_graph4,557269,655963,phone,1,2025-07-14 03:45:49,2025-07-14 03:45:49,1
q1_graph4,566580,584457,email,1,2025-04-15 01:08:53,2025-04-15 01:08:53,1
q1_graph4,569329,588172,email,1,2025-09-15 05:52:37,2025-09-15 05:52:37,1
q1_graph4,569329,588172,phone,1,2025-05-22 04:02:38,2025-05-22 04:02:38,1
q1_graph4,569329,636721,email,1,2025-09-16 09:36:24,2025-09-16 09:36:24,1
q1_graph4,579305,584457,email,2,2025-04-10 06:46:09,2025-08-02 04:30:36,2
q1_graph4,579305,584457,phone,1,2025-08-02 13:18:37,2025-08-02 13:18:37,1
q1_graph4,579305,601496,phone,1,2025-07-10 09:20:41,2025-07-10 09:20:41,1
q1_graph4,579305,639642,email,1,2025-10-08 01:00:00,2025-10-08 01:00:00,1
q1_graph4,579305,639642,phone,2,2025-03-21 06:32:26,2025-08-12 19:36:11,2
q1_graph4,579305,655963,email,1,2025-07-19 05:52:28,2025-07-19 05:52:28,1
q1_graph4,579305,655963,phone,3,2025-07-29 10:46:15,2025-12-27 06:08:52,3
q1_graph4,580798,588172,email,1,2025-09-14 05:20:20,2025-09-14 05:20:20,1
q1_graph4,580798,636721,phone,1,2025-06-25 07:03:36,2025-06-25 07:03:36,1
q1_graph4,584457,585606,phone,1,2025-12-06 08:06:26,2025-12-06 08:06:26,1
q1_graph4,584457,601496,email,1,2025-03-20 07:22:20,2025-03-20 07:22:20,1
q1_graph4,584457,628320,phone,1,2025-05-27 16:09:47,2025-05-27 16:09:47,1
q1_graph4,584457,639642,email,2,2025-01-28 00:16:23,2025-03-21 02:27:30,2
q1_graph4,588172,636721,email,1,2025-10-07 03:30:17,2025-10-07 03:30:17,1
q1_graph4,601496,655963,phone,1,2025-08-03 04:24:03,2025-08-03 04:24:03,1
q1_graph4,639642,639642,email,1,2025-10-26 01:42:27,2025-10-26 01:42:27,1
q1_graph4,639642,639642,phone,1,2025-01-20 01:48:34,2025-01-20 01:48:34,1
q1_graph4,639642,655963,email,1,2025-12-16 05:24:48,2025-12-16 05:24:48,1
q1_graph4,655963,655963,phone,1,2025-08-31 04:46:52,2025-08-31 04:46:52,1
q1_graph5,477657,549840,email,1,2025-07-19 07:56:47,2025-07-19 07:56:47,1
q1_graph5,477657,561819,phone,1,2025-04-07 03:51:07,2025-04-07 03:51:07,1
q1_graph5,477657,573137,email,1,2025-11-13 02:13:41,2025-11-13 02:13:41,1
q1_graph5,477657,594308,phone,1,2025-01-24 18:20:09,2025-01-24 18:20:09,1
q1_graph5,477657,619322,phone,1,2025-07-24 01:30:14,2025-07-24 01:30:14,1
q1_graph5,477657,631903,email,1,2025-11-04 06:32:11,2025-11-04 06:32:11,1
q1_graph5,483784,549840,email,1,2025-09-19 11:20:59,2025-09-19 11:20:59,1
q1_graph5,483784,549840,phone,1,2025-05-07 06:18:40,2025-05-07 06:18:40,1
q1_graph5,483784,561819,phone,1,2025-04-02 16:12:17,2025-04-02 16:12:17,1
q1_graph5,483784,619322,phone,1,2025-02-24 09:19:12,2025-02-24 09:19:12,1
q1_graph5,483784,631903,email,1,2025-01-12 06:58:45,2025-01-12 06:58:45,1
q1_graph5,524153,530990,email,1,2025-05-25 04:30:52,2025-05-25 04:30:52,1
q1_graph5,524153,549840,email,1,2025-11-21 02:10:44,2025-11-21 02:10:44,1
q1_graph5,524153,594308,email,1,2025-05-23 00:06:15,2025-05-23 00:06:15,1
q1_graph5,524153,631903,email,1,2025-08-20 01:12:55,2025-08-20 01:12:55,1
q1_graph5,530990,561819,phone,3,2025-08-12 06:12:55,2025-12-28 02:18:57,3
q1_graph5,530990,573137,phone,1,2025-05-31 00:08:58,2025-05-31 00:08:58,1
q1_graph5,530990,619322,email,1,2025-11-25 14:44:58,2025-11-25 14:44:58,1
q1_graph5,530990,619322,phone,1,2025-04-10 10:20:44,2025-04-10 10:20:44,1
q1_graph5,530990,631903,email,1,2025-08-23 05:51:15,2025-08-23 05:51:15,1
q1_graph5,549840,594308,email,1,2025-01-02 05:20:56,2025-01-02 05:20:56,1
q1_graph5,549840,594308,phone,1,2025-07-18 10:30:53,2025-07-18 10:30:53,1
q1_graph5,549840,619322,email,1,2025-01-20 09:00:04,2025-01-20 09:00:04,1
q1_graph5,561819,594308,phone,1,2025-11-01 03:51:38,2025-11-01 03:51:38,1
q1_graph5,561819,619322,email,1,2025-12-04 02:48:22,2025-12-04 02:48:22,1
q1_graph5,573137,594308,email,1,2025-06-06 04:24:10,2025-06-06 04:24:10,1
q1_graph5,594308,631903,email,1,2025-08-29 10:38:47,2025-08-29 10:38:47,1
q1_graph5,594308,631903,phone,1,2025-04-23 06:20:58,2025-04-23 06:20:58,1
q1_graph5,619322,631903,email,1,2025-08-25 12:21:13,2025-08-25 12:21:13,1
template,0,40,email,4,2025-01-05 06:23:48,2025-04-19 17:23:06,4
template,0,40,phone,3,2025-02-18 01:56:57,2025-04-04 23:32:19,3
template,0,41,email,3,2025-02-12 08:23:54,2025-04-15 16:54:07,3
template,0,41,phone,3,2025-01-09 02:27:22,2025-02-17 19:40:39,3
template,0,65,email,1,2025-02-28 05:39:46,2025-02-28 05:39:46,1
template,0,65,phone,4,2025-02-08 06:03:34,2025-03-27 19:32:54,4
template,27,34,email,5,2025-01-06 21:31:29,2025-10-30 05:26:57,3
template,27,34,phone,14,2025-01-02 05:52:28,2025-10-30 08:41:26,9
template,27,37,email,10,2025-01-02 02:14:21,2025-10-30 09:52:04,6
template,27,37,phone,12,2025-01-03 01:13:21,2025-10-30 06:35:56,7
template,27,41,email,6,2025-01-02 14:11:54,2025-10-30 03:34:26,4
template,27,41,phone,10,2025-01-03 15:54:29,2025-10-29 23:48:58,10
template,27,43,phone,3,2025-05-24 10:03:33,2025-06-15 09:50:29,3
template,27,45,phone,1,2025-06-13 02:40:08,2025-06-13 02:40:08,1
template,27,47,phone,4,2025-05-27 01:43:37,2025-05-29 12:59:45,3
template,27,56,phone,2,2025-05-23 21:34:47,2025-05-24 00:53:52,2
template,27,57,email,2,2025-05-24 08:09:33,2025-05-30 17:00:05,2
template,27,57,phone,1,2025-05-30 15:13:58,2025-05-30 15:13:58,1
template,27,58,email,3,2025-05-30 23:24:02,2025-06-16 15:17:58,3
template,27,58,phone,2,2025-05-31 00:33:07,2025-06-15 03:57:22,2
template,27,63,phone,2,2025-05-24 20:54:59,2025-06-07 03:36:14,2
template,34,37,email,13,2025-01-02 20:00:28,2025-10-30 04:00:47,7
template,34,37,phone,9,2025-01-02 14:09:18,2025-10-30 09:36:35,7
template,34,41,email,7,2025-01-02 00:00:00,2025-10-29 19:41:25,4
template,34,41,phone,10,2025-01-03 12:40:23,2025-06-11 18:36:48,8
template,34,43,phone,1,2025-05-25 22:04:03,2025-05-25 22:04:03,1
template,34,45,phone,1,2025-06-16 12:07:54,2025-06-16 12:07:54,1
template,34,56,email,1,2025-05-31 13:17:11,2025-05-31 13:17:11,1
template,34,56,phone,4,2025-05-27 08:57:14,2025-06-20 00:45:19,4
template,34,57,email,2,2025-06-03 11:19:36,2025-06-06 14:19:03,2
template,34,58,email,3,2025-06-03 01:32:19,2025-06-05 05:50:50,3
template,34,58,phone,1,2025-06-10 17:03:02,2025-06-10 17:03:02,1
template,34,63,email,1,2025-05-25 07:06:41,2025-05-25 07:06:41,1
template,34,63,phone,2,2025-05-30 12:11:29,2025-06-03 14:36:27,2
template,37,41,email,10,2025-01-02 11:30:38,2025-10-29 20:07:37,8
template,37,41,phone,8,2025-01-02 17:26:01,2025-10-30 04:05:46,6
template,37,43,email,1,2025-05-29 06:26:42,2025-05-29 06:26:42,1
template,37,43,phone,1,2025-05-23 16:45:38,2025-05-23 16:45:38,1
template,37,45,email,4,2025-05-27 13:03:48,2025-06-09 23:25:00,3
template,37,47,email,1,2025-06-06 04:43:04,2025-06-06 04:43:04,1
template,37,56,email,2,2025-05-25 07:10:42,2025-06-12 00:46:57,2
template,37,56,phone,1,2025-05-25 14:02:55,2025-05-25 14:02:55,1
template,37,57,email,1,2025-06-17 19:31:03,2025-06-17 19:31:03,1
template,37,58,email,3,2025-05-24 17:11:38,2025-06-02 05:32:05,3
template,37,58,phone,1,2025-06-07 02:25:51,2025-06-07 02:25:51,1
template,37,63,email,4,2025-05-31 07:04:05,2025-06-16 20:02:37,4
template,37,63,phone,3,2025-05-25 11:34:01,2025-06-09 23:12:25,3
template,39,40,email,5,2025-01-27 07:48:28,2025-03-11 22:03:11,5
template,39,40,phone,3,2025-01-27 14:42:26,2025-04-14 00:13:30,3
template,39,41,email,6,2025-01-06 17:20:08,2025-03-08 11:02:19,6
template,39,41,phone,3,2025-02-11 16:01:25,2025-03-11 02:37:01,3
template,39,47,email,26,2025-02-04 03:40:42,2025-06-02 18:36:48,21
template,39,65,email,1,2025-01-24 10:33:38,2025-01-24 10:33:38,1
template,39,65,phone,2,2025-01-07 15:58:42,2025-04-18 16:35:39,2
template,39,66,email,5,2025-02-04 14:15:49,2025-03-05 18:20:28,5
template,39,67,email,37,2025-02-03 18:35:05,2025-09-29 00:32:10,34
template,40,41,email,3,2025-01-31 03:59:16,2025-04-16 09:18:54,3
template,40,41,phone,4,2025-02-08 12:46:37,2025-03-12 15:54:25,3
template,40,65,email,2,2025-04-01 09:00:57,2025-04-04 02:34:35,2
template,40,65,phone,7,2025-02-09 11:32:48,2025-04-14 01:05:26,7
template,41,43,email,6,2025-05-29 04:45:35,2025-10-10 01:11:29,6
template,41,43,phone,4,2025-05-24 05:53:24,2025-10-12 21:21:45,3
template,41,45,email,2,2025-05-29 01:19:15,2025-05-30 13:40:10,2
template,41,45,phone,6,2025-06-02 01:17:26,2025-10-08 07:37:46,6
template,41,47,email,2,2025-10-06 07:41:47,2025-10-17 17:48:21,2
template,41,47,phone,6,2025-05-28 22:54:57,2025-10-17 08:55:28,6
template,41,56,email,12,2025-06-07 17:26:22,2025-11-11 01:32:08,11
template,41,56,phone,9,2025-05-29 02:06:49,2025-11-09 06:27:22,8
template,41,57,email,5,2025-06-10 07:28:23,2025-11-12 01:46:28,5
template,41,57,phone,10,2025-05-25 01:22:57,2025-11-11 08:29:29,9
template,41,58,email,2,2025-09-13 22:25:43,2025-10-11 10:37:59,2
template,41,58,phone,9,2025-06-12 20:30:28,2025-10-18 02:15:09,9
template,41,63,email,13,2025-05-28 05:41:48,2025-10-19 12:11:53,12
template,41,63,phone,13,2025-05-31 05:57:04,2025-10-20 10:53:47,12
template,41,65,email,8,2025-01-22 00:12:03,2025-04-09 14:05:50,8
template,41,65,phone,7,2025-01-18 19:42:47,2025-03-21 08:12:18,7
template,43,45,email,4,2025-09-22 17:35:11,2025-10-10 06:26:21,4
template,43,45,phone,8,2025-06-10 10:04:51,2025-10-16 22:43:59,8
template,43,47,email,5,2025-09-23 07:49:39,2025-10-13 08:33:33,4
template,43,47,phone,1,2025-10-16 13:16:44,2025-10-16 13:16:44,1
template,43,56,phone,3,2025-05-25 06:59:02,2025-06-18 02:15:47,3
template,43,57,email,3,2025-05-26 04:55:08,2025-06-18 19:17:17,3
template,43,58,email,4,2025-05-25 08:12:33,2025-10-08 14:41:35,4
template,43,58,phone,3,2025-06-05 20:03:34,2025-10-12 02:26:29,3
template,43,63,email,6,2025-10-05 08:00:35,2025-10-15 12:36:22,5
template,43,63,phone,2,2025-06-12 00:32:39,2025-10-07 08:55:58,2
template,45,47,email,1,2025-10-13 18:22:40,2025-10-13 18:22:40,1
template,45,47,phone,6,2025-05-30 05:05:25,2025-10-07 16:23:54,6
template,45,56,phone,3,2025-06-09 13:17:36,2025-06-15 19:50:08,3
template,45,57,email,1,2025-06-06 22:53:54,2025-06-06 22:53:54,1
template,45,58,phone,5,2025-09-22 12:05:01,2025-10-10 14:52:45,5
template,45,63,email,6,2025-05-29 19:06:10,2025-10-16 05:19:21,6
template,45,63,phone,4,2025-06-07 03:34:53,2025-10-18 15:50:55,4
template,47,56,email,2,2025-05-25 10:03:17,2025-06-18 20:44:47,2
template,47,56,phone,2,2025-05-27 23:44:37,2025-06-12 02:24:55,2
template,47,57,phone,2,2025-05-30 02:19:05,2025-06-11 19:59:57,2
template,47,58,email,9,2025-06-04 23:38:04,2025-10-19 01:37:50,8
template,47,58,phone,2,2025-09-24 16:21:05,2025-09-30 18:09:38,2
template,47,63,email,8,2025-06-09 18:16:48,2025-10-17 12:03:57,6
template,47,63,phone,3,2025-05-31 03:17:14,2025-10-12 01:22:39,3
template,47,67,email,8,2025-02-05 06:22:23,2025-05-09 04:57:16,8
template,56,57,email,10,2025-06-04 09:09:46,2025-11-11 05:52:41,9
template,56,57,phone,3,2025-11-07 16:18:12,2025-11-11 21:12:55,3
template,56,58,email,4,2025-05-29 12:35:01,2025-06-12 09:09:13,4
template,56,58,phone,2,2025-05-26 02:09:10,2025-06-04 21:05:56,2
template,56,63,email,1,2025-05-30 02:00:49,2025-05-30 02:00:49,1
template,56,63,phone,6,2025-05-25 18:32:02,2025-06-06 07:26:32,5
template,57,58,email,1,2025-05-31 18:41:37,2025-05-31 18:41:37,1
template,57,63,email,1,2025-06-17 06:15:53,2025-06-17 06:15:53,1
template,58,63,email,18,2025-05-31 20:21:01,2025-10-18 15:37:49,18
template,58,63,phone,8,2025-05-31 06:06:57,2025-10-15 15:29:29,7
