person_id,eType,country_node_id,Time,duration_days,SourceLocation,TargetLocation,SourceLatitude,SourceLongitude,TargetLatitude,TargetLongitude,graph,datetime,date,day_of_year,week,month,hour,edge_type,source_node_type,source_node_type_name,target_node_type,target_node_type_name
78,6,81,11773606,2.0,3.0,1.0,,,,,template,2025-05-17 06:26:46,2025-05-17,137,20,5,6,travels_to,1,person,5,country
80,6,70,12292006,1.0,4.0,3.0,,,,,template,2025-05-23 06:26:46,2025-05-23,143,21,5,6,travels_to,1,person,5,country
80,6,81,12292006,3.0,3.0,1.0,,,,,template,2025-05-23 06:26:46,2025-05-23,143,21,5,6,travels_to,1,person,5,country
77,6,70,12464806,1.0,4.0,3.0,,,,,template,2025-05-25 06:26:46,2025-05-25,145,21,5,6,travels_to,1,person,5,country
79,6,81,12637606,1.0,3.0,1.0,,,,,template,2025-05-27 06:26:46,2025-05-27,147,22,5,6,travels_to,1,person,5,country
79,6,70,13242406,3.0,4.0,3.0,,,,,template,2025-06-03 06:26:46,2025-06-03,154,23,6,6,travels_to,1,person,5,country
77,6,81,13415206,2.0,3.0,1.0,,,,,template,2025-06-05 06:26:46,2025-06-05,156,23,6,6,travels_to,1,person,5,country
78,6,70,14020006,4.0,4.0,3.0,,,,,template,2025-06-12 06:26:46,2025-06-12,163,24,6,6,travels_to,1,person,5,country
78,6,69,14884006,1.0,2.0,4.0,,,,,template,2025-06-22 06:26:46,2025-06-22,173,25,6,6,travels_to,1,person,5,country
79,6,69,15056806,3.0,2.0,4.0,,,,,template,2025-06-24 06:26:46,2025-06-24,175,26,6,6,travels_to,1,person,5,country
80,6,76,15575206,3.0,1.0,2.0,,,,,template,2025-06-30 06:26:46,2025-06-30,181,27,6,6,travels_to,1,person,5,country
77,6,76,15661606,1.0,1.0,2.0,,,,,template,2025-07-01 06:26:46,2025-07-01,182,27,7,6,travels_to,1,person,5,country
78,6,76,15661606,4.0,1.0,2.0,,,,,template,2025-07-01 06:26:46,2025-07-01,182,27,7,6,travels_to,1,person,5,country
77,6,69,15661606,4.0,2.0,4.0,,,,,template,2025-07-01 06:26:46,2025-07-01,182,27,7,6,travels_to,1,person,5,country
79,6,76,15834406,2.0,1.0,2.0,,,,,template,2025-07-03 06:26:46,2025-07-03,184,27,7,6,travels_to,1,person,5,country
80,6,69,15834406,5.0,2.0,4.0,,,,,template,2025-07-03 06:26:46,2025-07-03,184,27,7,6,travels_to,1,person,5,country
82,6,69,16871206,5.0,2.0,4.0,,,,,template,2025-07-15 06:26:46,2025-07-15,196,29,7,6,travels_to,1,person,5,country
83,6,69,17562406,1.0,2.0,4.0,,,,,template,2025-07-23 06:26:46,2025-07-23,204,30,7,6,travels_to,1,person,5,country
84,6,69,17648806,1.0,2.0,4.0,,,,,template,2025-07-24 06:26:46,2025-07-24,205,30,7,6,travels_to,1,person,5,country
73,6,70,17994406,3.0,0.0,3.0,,,,,template,2025-07-28 06:26:46,2025-07-28,209,31,7,6,travels_to,1,person,5,country
75,6,70,18685606,5.0,0.0,3.0,,,,,template,2025-08-05 06:26:46,2025-08-05,217,32,8,6,travels_to,1,person,5,country
75,6,76,18858406,4.0,3.0,2.0,,,,,template,2025-08-07 06:26:46,2025-08-07,219,32,8,6,travels_to,1,person,5,country
73,6,76,19204006,4.0,3.0,2.0,,,,,template,2025-08-11 06:26:46,2025-08-11,223,33,8,6,travels_to,1,person,5,country
74,6,70,19636006,1.0,0.0,3.0,,,,,template,2025-08-16 06:26:46,2025-08-16,228,33,8,6,travels_to,1,person,5,country
74,6,76,19722406,1.0,3.0,2.0,,,,,template,2025-08-17 06:26:46,2025-08-17,229,33,8,6,travels_to,1,person,5,country
74,6,71,21796006,2.0,2.0,0.0,,,,,template,2025-09-10 06:26:46,2025-09-10,253,37,9,6,travels_to,1,person,5,country
75,6,71,21882406,1.0,2.0,0.0,,,,,template,2025-09-11 06:26:46,2025-09-11,254,37,9,6,travels_to,1,person,5,country
73,6,71,21968806,2.0,2.0,0.0,,,,,template,2025-09-12 06:26:46,2025-09-12,255,37,9,6,travels_to,1,person,5,country
39,6,70,24128806,3.0,4.0,3.0,,,,,template,2025-10-07 06:26:46,2025-10-07,280,41,10,6,travels_to,1,person,5,country
40,6,70,24560806,3.0,4.0,3.0,,,,,template,2025-10-12 06:26:46,2025-10-12,285,41,10,6,travels_to,1,person,5,country
40,6,69,24733606,1.0,5.0,4.0,,,,,template,2025-10-14 06:26:46,2025-10-14,287,42,10,6,travels_to,1,person,5,country
41,6,70,24733606,3.0,4.0,3.0,,,,,template,2025-10-14 06:26:46,2025-10-14,287,42,10,6,travels_to,1,person,5,country
39,6,69,25165606,2.0,5.0,4.0,,,,,template,2025-10-19 06:26:46,2025-10-19,292,42,10,6,travels_to,1,person,5,country
41,6,69,25252006,3.0,5.0,4.0,,,,,template,2025-10-20 06:26:46,2025-10-20,293,43,10,6,travels_to,1,person,5,country
40,6,71,26634406,6.0,3.0,0.0,,,,,template,2025-11-05 06:26:46,2025-11-05,309,45,11,6,travels_to,1,person,5,country
40,6,72,26634406,3.0,0.0,5.0,,,,,template,2025-11-05 06:26:46,2025-11-05,309,45,11,6,travels_to,1,person,5,country
41,6,71,26720806,4.0,3.0,0.0,,,,,template,2025-11-06 06:26:46,2025-11-06,310,45,11,6,travels_to,1,person,5,country
39,6,71,26980006,1.0,3.0,0.0,,,,,template,2025-11-09 06:26:46,2025-11-09,313,45,11,6,travels_to,1,person,5,country
41,6,72,27066406,6.0,0.0,5.0,,,,,template,2025-11-10 06:26:46,2025-11-10,314,46,11,6,travels_to,1,person,5,country
39,6,72,27152806,3.0,0.0,5.0,,,,,template,2025-11-11 06:26:46,2025-11-11,315,46,11,6,travels_to,1,person,5,country
87,6,71,27844006,2.0,1.0,0.0,,,,,template,2025-11-19 06:26:46,2025-11-19,323,47,11,6,travels_to,1,person,5,country
85,6,81,28103206,1.0,5.0,1.0,,,,,template,2025-11-22 06:26:46,2025-11-22,326,47,11,6,travels_to,1,person,5,country
85,6,71,28794406,4.0,1.0,0.0,,,,,template,2025-11-30 06:26:46,2025-11-30,334,48,11,6,travels_to,1,person,5,country
86,6,71,29399206,5.0,1.0,0.0,,,,,template,2025-12-07 06:26:46,2025-12-07,341,49,12,6,travels_to,1,person,5,country
86,6,81,30004006,3.0,5.0,1.0,,,,,template,2025-12-14 06:26:46,2025-12-14,348,50,12,6,travels_to,1,person,5,country
87,6,81,30004006,2.0,5.0,1.0,,,,,template,2025-12-14 06:26:46,2025-12-14,348,50,12,6,travels_to,1,person,5,country
87,6,72,30054406,1.0,3.0,5.0,,,,,template,2025-12-14 20:26:46,2025-12-14,348,50,12,20,travels_to,1,person,5,country
86,6,70,30400006,2.0,0.0,3.0,,,,,template,2025-12-18 20:26:46,2025-12-18,352,51,12,20,travels_to,1,person,5,country
87,6,70,30572806,1.0,0.0,3.0,,,,,template,2025-12-20 20:26:46,2025-12-20,354,51,12,20,travels_to,1,person,5,country
85,6,70,30659206,1.0,0.0,3.0,,,,,template,2025-12-21 20:26:46,2025-12-21,355,51,12,20,travels_to,1,person,5,country
85,6,72,30832006,3.0,3.0,5.0,,,,,template,2025-12-23 20:26:46,2025-12-23,357,52,12,20,travels_to,1,person,5,country
86,6,72,31004806,3.0,3.0,5.0,,,,,template,2025-12-25 20:26:46,2025-12-25,359,52,12,20,travels_to,1,person,5,country
629627,6,625756,14845147,4.0,4.0,3.0,1.0,-165.0,-25.0,-111.0,q1_graph1,2025-06-21 19:39:07,2025-06-21,172,25,6,19,travels_to,1,person,5,country
629627,6,657173,14931547,2.0,3.0,1.0,-25.0,-111.0,-29.0,-13.0,q1_graph1,2025-06-22 19:39:07,2025-06-22,173,25,6,19,travels_to,1,person,5,country
599441,6,657173,15277147,5.0,3.0,1.0,-25.0,-111.0,-29.0,-13.0,q1_graph1,2025-06-26 19:39:07,2025-06-26,177,26,6,19,travels_to,1,person,5,country
534034,6,657173,15536347,3.0,3.0,1.0,-25.0,-111.0,-29.0,-13.0,q1_graph1,2025-06-29 19:39:07,2025-06-29,180,26,6,19,travels_to,1,person,5,country
534034,6,625756,16141147,4.0,4.0,3.0,1.0,-165.0,-25.0,-111.0,q1_graph1,2025-07-06 19:39:07,2025-07-06,187,27,7,19,travels_to,1,person,5,country
599441,6,625756,16486747,4.0,4.0,3.0,1.0,-165.0,-25.0,-111.0,q1_graph1,2025-07-10 19:39:07,2025-07-10,191,28,7,19,travels_to,1,person,5,country
585212,6,657173,16486747,5.0,3.0,1.0,-25.0,-111.0,-29.0,-13.0,q1_graph1,2025-07-10 19:39:07,2025-07-10,191,28,7,19,travels_to,1,person,5,country
585212,6,625756,16832347,5.0,4.0,3.0,1.0,-165.0,-25.0,-111.0,q1_graph1,2025-07-14 19:39:07,2025-07-14,195,29,7,19,travels_to,1,person,5,country
599441,6,509607,18214747,4.0,2.0,4.0,-22.0,91.0,1.0,-165.0,q1_graph1,2025-07-30 19:39:07,2025-07-30,211,31,7,19,travels_to,1,person,5,country
585212,6,509607,18214747,3.0,2.0,4.0,-22.0,91.0,1.0,-165.0,q1_graph1,2025-07-30 19:39:07,2025-07-30,211,31,7,19,travels_to,1,person,5,country
534034,6,499467,18473947,5.0,1.0,2.0,-29.0,-13.0,-22.0,91.0,q1_graph1,2025-08-02 19:39:07,2025-08-02,214,31,8,19,travels_to,1,person,5,country
629627,6,499467,18646747,2.0,1.0,2.0,-29.0,-13.0,-22.0,91.0,q1_graph1,2025-08-04 19:39:07,2025-08-04,216,32,8,19,travels_to,1,person,5,country
585212,6,499467,18733147,5.0,1.0,2.0,-29.0,-13.0,-22.0,91.0,q1_graph1,2025-08-05 19:39:07,2025-08-05,217,32,8,19,travels_to,1,person,5,country
599441,6,499467,18819547,2.0,1.0,2.0,-29.0,-13.0,-22.0,91.0,q1_graph1,2025-08-06 19:39:07,2025-08-06,218,32,8,19,travels_to,1,person,5,country
538892,6,509607,20115547,1.0,2.0,4.0,-22.0,91.0,1.0,-165.0,q1_graph1,2025-08-21 19:39:07,2025-08-21,233,34,8,19,travels_to,1,person,5,country
542965,6,509607,20547547,5.0,2.0,4.0,-22.0,91.0,1.0,-165.0,q1_graph1,2025-08-26 19:39:07,2025-08-26,238,35,8,19,travels_to,1,person,5,country
464459,6,625756,20979547,1.0,0.0,3.0,33.0,-41.0,-25.0,-111.0,q1_graph1,2025-08-31 19:39:07,2025-08-31,243,35,8,19,travels_to,1,person,5,country
568093,6,625756,21152347,2.0,0.0,3.0,33.0,-41.0,-25.0,-111.0,q1_graph1,2025-09-02 19:39:07,2025-09-02,245,36,9,19,travels_to,1,person,5,country
572391,6,509607,21152347,2.0,2.0,4.0,-22.0,91.0,1.0,-165.0,q1_graph1,2025-09-02 19:39:07,2025-09-02,245,36,9,19,travels_to,1,person,5,country
635665,6,499467,21411547,1.0,3.0,2.0,-25.0,-111.0,-22.0,91.0,q1_graph1,2025-09-05 19:39:07,2025-09-05,248,36,9,19,travels_to,1,person,5,country
635665,6,625756,21843547,1.0,0.0,3.0,33.0,-41.0,-25.0,-111.0,q1_graph1,2025-09-10 19:39:07,2025-09-10,253,37,9,19,travels_to,1,person,5,country
464459,6,499467,21929947,2.0,3.0,2.0,-25.0,-111.0,-22.0,91.0,q1_graph1,2025-09-11 19:39:07,2025-09-11,254,37,9,19,travels_to,1,person,5,country
568093,6,499467,22621147,2.0,3.0,2.0,-25.0,-111.0,-22.0,91.0,q1_graph1,2025-09-19 19:39:07,2025-09-19,262,38,9,19,travels_to,1,person,5,country
568093,6,561157,24608347,2.0,2.0,0.0,-22.0,91.0,33.0,-41.0,q1_graph1,2025-10-12 19:39:07,2025-10-12,285,41,10,19,travels_to,1,person,5,country
635665,6,561157,24608347,1.0,2.0,0.0,-22.0,91.0,33.0,-41.0,q1_graph1,2025-10-12 19:39:07,2025-10-12,285,41,10,19,travels_to,1,person,5,country
464459,6,561157,24953947,1.0,2.0,0.0,-22.0,91.0,33.0,-41.0,q1_graph1,2025-10-16 19:39:07,2025-10-16,289,42,10,19,travels_to,1,person,5,country
649553,6,509607,26595547,4.0,5.0,4.0,22.0,156.0,1.0,-165.0,q1_graph1,2025-11-04 19:39:07,2025-11-04,308,45,11,19,travels_to,1,person,5,country
570284,6,509607,26681947,1.0,5.0,4.0,22.0,156.0,1.0,-165.0,q1_graph1,2025-11-05 19:39:07,2025-11-05,309,45,11,19,travels_to,1,person,5,country
643925,6,625756,27545947,2.0,4.0,3.0,1.0,-165.0,-25.0,-111.0,q1_graph1,2025-11-15 19:39:07,2025-11-15,319,46,11,19,travels_to,1,person,5,country
649553,6,625756,27718747,3.0,4.0,3.0,1.0,-165.0,-25.0,-111.0,q1_graph1,2025-11-17 19:39:07,2025-11-17,321,47,11,19,travels_to,1,person,5,country
643925,6,509607,27977947,5.0,5.0,4.0,22.0,156.0,1.0,-165.0,q1_graph1,2025-11-20 19:39:07,2025-11-20,324,47,11,19,travels_to,1,person,5,country
570284,6,616453,29446747,5.0,0.0,5.0,33.0,-41.0,22.0,156.0,q1_graph1,2025-12-07 19:39:07,2025-12-07,341,49,12,19,travels_to,1,person,5,country
649553,6,616453,29533147,5.0,0.0,5.0,33.0,-41.0,22.0,156.0,q1_graph1,2025-12-08 19:39:07,2025-12-08,342,50,12,19,travels_to,1,person,5,country
643925,6,561157,30137947,4.0,3.0,0.0,-25.0,-111.0,33.0,-41.0,q1_graph1,2025-12-15 19:39:07,2025-12-15,349,51,12,19,travels_to,1,person,5,country
643925,6,616453,30137947,3.0,0.0,5.0,33.0,-41.0,22.0,156.0,q1_graph1,2025-12-15 19:39:07,2025-12-15,349,51,12,19,travels_to,1,person,5,country
570284,6,561157,30224347,2.0,3.0,0.0,-25.0,-111.0,33.0,-41.0,q1_graph1,2025-12-16 19:39:07,2025-12-16,350,51,12,19,travels_to,1,person,5,country
649553,6,561157,30224347,2.0,3.0,0.0,-25.0,-111.0,33.0,-41.0,q1_graph1,2025-12-16 19:39:07,2025-12-16,350,51,12,19,travels_to,1,person,5,country
629627,6,657173,22264074,3.0,3.0,1.0,-25.0,-111.0,-29.0,-13.0,q1_graph2,2025-09-15 16:27:54,2025-09-15,258,38,9,16,travels_to,1,person,5,country
629627,6,625756,22350474,7.0,4.0,3.0,1.0,-165.0,-25.0,-111.0,q1_graph2,2025-09-16 16:27:54,2025-09-16,259,38,9,16,travels_to,1,person,5,country
534034,6,657173,22523274,1.0,3.0,1.0,-25.0,-111.0,-29.0,-13.0,q1_graph2,2025-09-18 16:27:54,2025-09-18,261,38,9,16,travels_to,1,person,5,country
534034,6,625756,23214474,5.0,4.0,3.0,1.0,-165.0,-25.0,-111.0,q1_graph2,2025-09-26 16:27:54,2025-09-26,269,39,9,16,travels_to,1,person,5,country
599441,6,657173,23387274,3.0,3.0,1.0,-25.0,-111.0,-29.0,-13.0,q1_graph2,2025-09-28 16:27:54,2025-09-28,271,39,9,16,travels_to,1,person,5,country
585212,6,625756,23646474,5.0,4.0,3.0,1.0,-165.0,-25.0,-111.0,q1_graph2,2025-10-01 16:27:54,2025-10-01,274,40,10,16,travels_to,1,person,5,country
599441,6,625756,23905674,2.0,4.0,3.0,1.0,-165.0,-25.0,-111.0,q1_graph2,2025-10-04 16:27:54,2025-10-04,277,40,10,16,travels_to,1,person,5,country
585212,6,509607,25115274,6.0,2.0,4.0,-22.0,91.0,1.0,-165.0,q1_graph2,2025-10-18 16:27:54,2025-10-18,291,42,10,16,travels_to,1,person,5,country
534034,6,499467,25633674,1.0,1.0,2.0,-29.0,-13.0,-22.0,91.0,q1_graph2,2025-10-24 16:27:54,2025-10-24,297,43,10,16,travels_to,1,person,5,country
585212,6,499467,25633674,1.0,1.0,2.0,-29.0,-13.0,-22.0,91.0,q1_graph2,2025-10-24 16:27:54,2025-10-24,297,43,10,16,travels_to,1,person,5,country
629627,6,499467,25720074,1.0,1.0,2.0,-29.0,-13.0,-22.0,91.0,q1_graph2,2025-10-25 16:27:54,2025-10-25,298,43,10,16,travels_to,1,person,5,country
534034,6,509607,25720074,1.0,2.0,4.0,-22.0,91.0,1.0,-165.0,q1_graph2,2025-10-25 16:27:54,2025-10-25,298,43,10,16,travels_to,1,person,5,country
599441,6,499467,25979274,1.0,1.0,2.0,-29.0,-13.0,-22.0,91.0,q1_graph2,2025-10-28 16:27:54,2025-10-28,301,44,10,16,travels_to,1,person,5,country
629627,6,509607,26152074,2.0,2.0,4.0,-22.0,91.0,1.0,-165.0,q1_graph2,2025-10-30 16:27:54,2025-10-30,303,44,10,16,travels_to,1,person,5,country
599441,6,509607,26238474,5.0,2.0,4.0,-22.0,91.0,1.0,-165.0,q1_graph2,2025-10-31 16:27:54,2025-10-31,304,44,10,16,travels_to,1,person,5,country
572391,6,509607,26584074,4.0,2.0,4.0,-22.0,91.0,1.0,-165.0,q1_graph2,2025-11-04 16:27:54,2025-11-04,308,45,11,16,travels_to,1,person,5,country
542965,6,509607,26756874,2.0,2.0,4.0,-22.0,91.0,1.0,-165.0,q1_graph2,2025-11-06 16:27:54,2025-11-06,310,45,11,16,travels_to,1,person,5,country
635665,6,625756,27793674,4.0,0.0,3.0,33.0,-41.0,-25.0,-111.0,q1_graph2,2025-11-18 16:27:54,2025-11-18,322,47,11,16,travels_to,1,person,5,country
538892,6,509607,28225674,3.0,2.0,4.0,-22.0,91.0,1.0,-165.0,q1_graph2,2025-11-23 16:27:54,2025-11-23,327,47,11,16,travels_to,1,person,5,country
464459,6,625756,28312074,4.0,0.0,3.0,33.0,-41.0,-25.0,-111.0,q1_graph2,2025-11-24 16:27:54,2025-11-24,328,48,11,16,travels_to,1,person,5,country
568093,6,499467,28657674,5.0,3.0,2.0,-25.0,-111.0,-22.0,91.0,q1_graph2,2025-11-28 16:27:54,2025-11-28,332,48,11,16,travels_to,1,person,5,country
568093,6,625756,29089674,2.0,0.0,3.0,33.0,-41.0,-25.0,-111.0,q1_graph2,2025-12-03 16:27:54,2025-12-03,337,49,12,16,travels_to,1,person,5,country
635665,6,499467,29262474,3.0,3.0,2.0,-25.0,-111.0,-22.0,91.0,q1_graph2,2025-12-05 16:27:54,2025-12-05,339,49,12,16,travels_to,1,person,5,country
464459,6,499467,29780874,5.0,3.0,2.0,-25.0,-111.0,-22.0,91.0,q1_graph2,2025-12-11 16:27:54,2025-12-11,345,50,12,16,travels_to,1,person,5,country
629627,6,657173,13716556,5.0,3.0,1.0,-25.0,-111.0,-29.0,-13.0,q1_graph3,2025-06-08 18:09:16,2025-06-08,159,23,6,18,travels_to,1,person,5,country
585212,6,657173,14321356,2.0,3.0,1.0,-25.0,-111.0,-29.0,-13.0,q1_graph3,2025-06-15 18:09:16,2025-06-15,166,24,6,18,travels_to,1,person,5,country
629627,6,625756,14926156,3.0,4.0,3.0,1.0,-165.0,-25.0,-111.0,q1_graph3,2025-06-22 18:09:16,2025-06-22,173,25,6,18,travels_to,1,person,5,country
534034,6,657173,15185356,2.0,3.0,1.0,-25.0,-111.0,-29.0,-13.0,q1_graph3,2025-06-25 18:09:16,2025-06-25,176,26,6,18,travels_to,1,person,5,country
599441,6,625756,15703756,1.0,4.0,3.0,1.0,-165.0,-25.0,-111.0,q1_graph3,2025-07-01 18:09:16,2025-07-01,182,27,7,18,travels_to,1,person,5,country
534034,6,625756,15876556,5.0,4.0,3.0,1.0,-165.0,-25.0,-111.0,q1_graph3,2025-07-03 18:09:16,2025-07-03,184,27,7,18,travels_to,1,person,5,country
599441,6,509607,16826956,6.0,2.0,4.0,-22.0,91.0,1.0,-165.0,q1_graph3,2025-07-14 18:09:16,2025-07-14,195,29,7,18,travels_to,1,person,5,country
534034,6,509607,16999756,5.0,2.0,4.0,-22.0,91.0,1.0,-165.0,q1_graph3,2025-07-16 18:09:16,2025-07-16,197,29,7,18,travels_to,1,person,5,country
599441,6,499467,17518156,3.0,1.0,2.0,-29.0,-13.0,-22.0,91.0,q1_graph3,2025-07-22 18:09:16,2025-07-22,203,30,7,18,travels_to,1,person,5,country
585212,6,509607,17518156,5.0,2.0,4.0,-22.0,91.0,1.0,-165.0,q1_graph3,2025-07-22 18:09:16,2025-07-22,203,30,7,18,travels_to,1,person,5,country
629627,6,509607,17690956,3.0,2.0,4.0,-22.0,91.0,1.0,-165.0,q1_graph3,2025-07-24 18:09:16,2025-07-24,205,30,7,18,travels_to,1,person,5,country
585212,6,499467,17777356,1.0,1.0,2.0,-29.0,-13.0,-22.0,91.0,q1_graph3,2025-07-25 18:09:16,2025-07-25,206,30,7,18,travels_to,1,person,5,country
534034,6,499467,17863756,2.0,1.0,2.0,-29.0,-13.0,-22.0,91.0,q1_graph3,2025-07-26 18:09:16,2025-07-26,207,30,7,18,travels_to,1,person,5,country
542965,6,509607,19073356,1.0,2.0,4.0,-22.0,91.0,1.0,-165.0,q1_graph3,2025-08-09 18:09:16,2025-08-09,221,32,8,18,travels_to,1,person,5,country
635665,6,625756,19332556,5.0,0.0,3.0,33.0,-41.0,-25.0,-111.0,q1_graph3,2025-08-12 18:09:16,2025-08-12,224,33,8,18,travels_to,1,person,5,country
538892,6,509607,20023756,6.0,2.0,4.0,-22.0,91.0,1.0,-165.0,q1_graph3,2025-08-20 18:09:16,2025-08-20,232,34,8,18,travels_to,1,person,5,country
568093,6,625756,20110156,1.0,0.0,3.0,33.0,-41.0,-25.0,-111.0,q1_graph3,2025-08-21 18:09:16,2025-08-21,233,34,8,18,travels_to,1,person,5,country
568093,6,499467,20974156,1.0,3.0,2.0,-25.0,-111.0,-22.0,91.0,q1_graph3,2025-08-31 18:09:16,2025-08-31,243,35,8,18,travels_to,1,person,5,country
464459,6,625756,21233356,2.0,0.0,3.0,33.0,-41.0,-25.0,-111.0,q1_graph3,2025-09-03 18:09:16,2025-09-03,246,36,9,18,travels_to,1,person,5,country
464459,6,499467,21838156,4.0,3.0,2.0,-25.0,-111.0,-22.0,91.0,q1_graph3,2025-09-10 18:09:16,2025-09-10,253,37,9,18,travels_to,1,person,5,country
635665,6,499467,22010956,4.0,3.0,2.0,-25.0,-111.0,-22.0,91.0,q1_graph3,2025-09-12 18:09:16,2025-09-12,255,37,9,18,travels_to,1,person,5,country
568093,6,561157,23652556,1.0,2.0,0.0,-22.0,91.0,33.0,-41.0,q1_graph3,2025-10-01 18:09:16,2025-10-01,274,40,10,18,travels_to,1,person,5,country
635665,6,561157,23738956,6.0,2.0,0.0,-22.0,91.0,33.0,-41.0,q1_graph3,2025-10-02 18:09:16,2025-10-02,275,40,10,18,travels_to,1,person,5,country
570284,6,509607,24948556,1.0,5.0,4.0,22.0,156.0,1.0,-165.0,q1_graph3,2025-10-16 18:09:16,2025-10-16,289,42,10,18,travels_to,1,person,5,country
643925,6,625756,25466956,3.0,4.0,3.0,1.0,-165.0,-25.0,-111.0,q1_graph3,2025-10-22 18:09:16,2025-10-22,295,43,10,18,travels_to,1,person,5,country
649553,6,625756,25553356,1.0,4.0,3.0,1.0,-165.0,-25.0,-111.0,q1_graph3,2025-10-23 18:09:16,2025-10-23,296,43,10,18,travels_to,1,person,5,country
570284,6,625756,26503756,4.0,4.0,3.0,1.0,-165.0,-25.0,-111.0,q1_graph3,2025-11-03 18:09:16,2025-11-03,307,45,11,18,travels_to,1,person,5,country
643925,6,509607,26762956,4.0,5.0,4.0,22.0,156.0,1.0,-165.0,q1_graph3,2025-11-06 18:09:16,2025-11-06,310,45,11,18,travels_to,1,person,5,country
649553,6,509607,26935756,2.0,5.0,4.0,22.0,156.0,1.0,-165.0,q1_graph3,2025-11-08 18:09:16,2025-11-08,312,45,11,18,travels_to,1,person,5,country
570284,6,616453,28231756,2.0,0.0,5.0,33.0,-41.0,22.0,156.0,q1_graph3,2025-11-23 18:09:16,2025-11-23,327,47,11,18,travels_to,1,person,5,country
649553,6,616453,28577356,6.0,0.0,5.0,33.0,-41.0,22.0,156.0,q1_graph3,2025-11-27 18:09:16,2025-11-27,331,48,11,18,travels_to,1,person,5,country
570284,6,561157,28663756,6.0,3.0,0.0,-25.0,-111.0,33.0,-41.0,q1_graph3,2025-11-28 18:09:16,2025-11-28,332,48,11,18,travels_to,1,person,5,country
643925,6,561157,28750156,5.0,3.0,0.0,-25.0,-111.0,33.0,-41.0,q1_graph3,2025-11-29 18:09:16,2025-11-29,333,48,11,18,travels_to,1,person,5,country
598006,6,657173,29873356,1.0,5.0,1.0,22.0,156.0,-29.0,-13.0,q1_graph3,2025-12-12 18:09:16,2025-12-12,346,50,12,18,travels_to,1,person,5,country
612711,6,561157,30132556,1.0,1.0,0.0,-29.0,-13.0,33.0,-41.0,q1_graph3,2025-12-15 18:09:16,2025-12-15,349,51,12,18,travels_to,1,person,5,country
598006,6,561157,30478156,3.0,1.0,0.0,-29.0,-13.0,33.0,-41.0,q1_graph3,2025-12-19 18:09:16,2025-12-19,353,51,12,18,travels_to,1,person,5,country
643411,6,561157,31514956,1.0,1.0,0.0,-29.0,-13.0,33.0,-41.0,q1_graph3,2025-12-31 18:09:16,2025-12-31,365,1,12,18,travels_to,1,person,5,country
580798,6,625756,1296000,5.0,2.0,3.0,-22.0,91.0,-25.0,-111.0,q1_graph4,2025-01-16 00:00:00,2025-01-16,16,3,1,0,travels_to,1,person,5,country
580798,6,625756,1296000,5.0,2.0,3.0,-22.0,91.0,-25.0,-111.0,q1_graph4,2025-01-16 00:00:00,2025-01-16,16,3,1,0,travels_to,1,person,5,country
580798,6,625756,1296000,5.0,2.0,3.0,-22.0,91.0,-25.0,-111.0,q1_graph4,2025-01-16 00:00:00,2025-01-16,16,3,1,0,travels_to,1,person,5,country
580798,6,625756,1296000,5.0,2.0,3.0,-22.0,91.0,-25.0,-111.0,q1_graph4,2025-01-16 00:00:00,2025-01-16,16,3,1,0,travels_to,1,person,5,country
580798,6,625756,1296000,5.0,2.0,3.0,-22.0,91.0,-25.0,-111.0,q1_graph4,2025-01-16 00:00:00,2025-01-16,16,3,1,0,travels_to,1,person,5,country
492850,6,625756,1641600,-1.0,5.0,3.0,22.0,156.0,-25.0,-111.0,q1_graph4,2025-01-20 00:00:00,2025-01-20,20,4,1,0,travels_to,1,person,5,country
492850,6,625756,1641600,-1.0,5.0,3.0,22.0,156.0,-25.0,-111.0,q1_graph4,2025-01-20 00:00:00,2025-01-20,20,4,1,0,travels_to,1,person,5,country
492850,6,625756,1641600,-1.0,5.0,3.0,22.0,156.0,-25.0,-111.0,q1_graph4,2025-01-20 00:00:00,2025-01-20,20,4,1,0,travels_to,1,person,5,country
492850,6,625756,1641600,-1.0,5.0,3.0,22.0,156.0,-25.0,-111.0,q1_graph4,2025-01-20 00:00:00,2025-01-20,20,4,1,0,travels_to,1,person,5,country
492850,6,625756,1641600,-1.0,5.0,3.0,22.0,156.0,-25.0,-111.0,q1_graph4,2025-01-20 00:00:00,2025-01-20,20,4,1,0,travels_to,1,person,5,country
569329,6,561157,6912000,-1.0,0.0,0.0,33.0,-41.0,33.0,-41.0,q1_graph4,2025-03-22 00:00:00,2025-03-22,81,12,3,0,travels_to,1,person,5,country
569329,6,561157,6912000,-1.0,0.0,0.0,33.0,-41.0,33.0,-41.0,q1_graph4,2025-03-22 00:00:00,2025-03-22,81,12,3,0,travels_to,1,person,5,country
569329,6,561157,6912000,-1.0,0.0,0.0,33.0,-41.0,33.0,-41.0,q1_graph4,2025-03-22 00:00:00,2025-03-22,81,12,3,0,travels_to,1,person,5,country
569329,6,561157,6912000,-1.0,0.0,0.0,33.0,-41.0,33.0,-41.0,q1_graph4,2025-03-22 00:00:00,2025-03-22,81,12,3,0,travels_to,1,person,5,country
569329,6,561157,6912000,-1.0,0.0,0.0,33.0,-41.0,33.0,-41.0,q1_graph4,2025-03-22 00:00:00,2025-03-22,81,12,3,0,travels_to,1,person,5,country
580798,6,509607,8640000,1.0,2.0,4.0,-22.0,91.0,1.0,-165.0,q1_graph4,2025-04-11 00:00:00,2025-04-11,101,15,4,0,travels_to,1,person,5,country
580798,6,509607,8640000,1.0,2.0,4.0,-22.0,91.0,1.0,-165.0,q1_graph4,2025-04-11 00:00:00,2025-04-11,101,15,4,0,travels_to,1,person,5,country
580798,6,509607,8640000,1.0,2.0,4.0,-22.0,91.0,1.0,-165.0,q1_graph4,2025-04-11 00:00:00,2025-04-11,101,15,4,0,travels_to,1,person,5,country
580798,6,509607,8640000,1.0,2.0,4.0,-22.0,91.0,1.0,-165.0,q1_graph4,2025-04-11 00:00:00,2025-04-11,101,15,4,0,travels_to,1,person,5,country
580798,6,509607,8640000,1.0,2.0,4.0,-22.0,91.0,1.0,-165.0,q1_graph4,2025-04-11 00:00:00,2025-04-11,101,15,4,0,travels_to,1,person,5,country
482012,6,561157,8985600,3.0,5.0,0.0,22.0,156.0,33.0,-41.0,q1_graph4,2025-04-15 00:00:00,2025-04-15,105,16,4,0,travels_to,1,person,5,country
482012,6,561157,8985600,3.0,5.0,0.0,22.0,156.0,33.0,-41.0,q1_graph4,2025-04-15 00:00:00,2025-04-15,105,16,4,0,travels_to,1,person,5,country
482012,6,561157,8985600,3.0,5.0,0.0,22.0,156.0,33.0,-41.0,q1_graph4,2025-04-15 00:00:00,2025-04-15,105,16,4,0,travels_to,1,person,5,country
482012,6,561157,8985600,3.0,5.0,0.0,22.0,156.0,33.0,-41.0,q1_graph4,2025-04-15 00:00:00,2025-04-15,105,16,4,0,travels_to,1,person,5,country
482012,6,561157,8985600,3.0,5.0,0.0,22.0,156.0,33.0,-41.0,q1_graph4,2025-04-15 00:00:00,2025-04-15,105,16,4,0,travels_to,1,person,5,country
492850,6,625756,9504000,-1.0,0.0,3.0,33.0,-41.0,-25.0,-111.0,q1_graph4,2025-04-21 00:00:00,2025-04-21,111,17,4,0,travels_to,1,person,5,country
492850,6,625756,9504000,-1.0,0.0,3.0,33.0,-41.0,-25.0,-111.0,q1_graph4,2025-04-21 00:00:00,2025-04-21,111,17,4,0,travels_to,1,person,5,country
492850,6,625756,9504000,-1.0,0.0,3.0,33.0,-41.0,-25.0,-111.0,q1_graph4,2025-04-21 00:00:00,2025-04-21,111,17,4,0,travels_to,1,person,5,country
492850,6,625756,9504000,-1.0,0.0,3.0,33.0,-41.0,-25.0,-111.0,q1_graph4,2025-04-21 00:00:00,2025-04-21,111,17,4,0,travels_to,1,person,5,country
492850,6,625756,9504000,-1.0,0.0,3.0,33.0,-41.0,-25.0,-111.0,q1_graph4,2025-04-21 00:00:00,2025-04-21,111,17,4,0,travels_to,1,person,5,country
482012,6,509607,10454400,3.0,3.0,4.0,-25.0,-111.0,1.0,-165.0,q1_graph4,2025-05-02 00:00:00,2025-05-02,122,18,5,0,travels_to,1,person,5,country
482012,6,509607,10454400,3.0,3.0,4.0,-25.0,-111.0,1.0,-165.0,q1_graph4,2025-05-02 00:00:00,2025-05-02,122,18,5,0,travels_to,1,person,5,country
482012,6,509607,10454400,3.0,3.0,4.0,-25.0,-111.0,1.0,-165.0,q1_graph4,2025-05-02 00:00:00,2025-05-02,122,18,5,0,travels_to,1,person,5,country
482012,6,509607,10454400,3.0,3.0,4.0,-25.0,-111.0,1.0,-165.0,q1_graph4,2025-05-02 00:00:00,2025-05-02,122,18,5,0,travels_to,1,person,5,country
482012,6,509607,10454400,3.0,3.0,4.0,-25.0,-111.0,1.0,-165.0,q1_graph4,2025-05-02 00:00:00,2025-05-02,122,18,5,0,travels_to,1,person,5,country
482012,6,625756,11232000,-1.0,2.0,3.0,-22.0,91.0,-25.0,-111.0,q1_graph4,2025-05-11 00:00:00,2025-05-11,131,19,5,0,travels_to,1,person,5,country
482012,6,625756,11232000,-1.0,2.0,3.0,-22.0,91.0,-25.0,-111.0,q1_graph4,2025-05-11 00:00:00,2025-05-11,131,19,5,0,travels_to,1,person,5,country
482012,6,625756,11232000,-1.0,2.0,3.0,-22.0,91.0,-25.0,-111.0,q1_graph4,2025-05-11 00:00:00,2025-05-11,131,19,5,0,travels_to,1,person,5,country
482012,6,625756,11232000,-1.0,2.0,3.0,-22.0,91.0,-25.0,-111.0,q1_graph4,2025-05-11 00:00:00,2025-05-11,131,19,5,0,travels_to,1,person,5,country
482012,6,625756,11232000,-1.0,2.0,3.0,-22.0,91.0,-25.0,-111.0,q1_graph4,2025-05-11 00:00:00,2025-05-11,131,19,5,0,travels_to,1,person,5,country
569329,6,657173,12614400,1.0,0.0,1.0,33.0,-41.0,-29.0,-13.0,q1_graph4,2025-05-27 00:00:00,2025-05-27,147,22,5,0,travels_to,1,person,5,country
569329,6,657173,12614400,1.0,0.0,1.0,33.0,-41.0,-29.0,-13.0,q1_graph4,2025-05-27 00:00:00,2025-05-27,147,22,5,0,travels_to,1,person,5,country
569329,6,657173,12614400,1.0,0.0,1.0,33.0,-41.0,-29.0,-13.0,q1_graph4,2025-05-27 00:00:00,2025-05-27,147,22,5,0,travels_to,1,person,5,country
569329,6,657173,12614400,1.0,0.0,1.0,33.0,-41.0,-29.0,-13.0,q1_graph4,2025-05-27 00:00:00,2025-05-27,147,22,5,0,travels_to,1,person,5,country
569329,6,657173,12614400,1.0,0.0,1.0,33.0,-41.0,-29.0,-13.0,q1_graph4,2025-05-27 00:00:00,2025-05-27,147,22,5,0,travels_to,1,person,5,country
569329,6,561157,14169600,-1.0,4.0,0.0,1.0,-165.0,33.0,-41.0,q1_graph4,2025-06-14 00:00:00,2025-06-14,165,24,6,0,travels_to,1,person,5,country
569329,6,561157,14169600,-1.0,4.0,0.0,1.0,-165.0,33.0,-41.0,q1_graph4,2025-06-14 00:00:00,2025-06-14,165,24,6,0,travels_to,1,person,5,country
569329,6,561157,14169600,-1.0,4.0,0.0,1.0,-165.0,33.0,-41.0,q1_graph4,2025-06-14 00:00:00,2025-06-14,165,24,6,0,travels_to,1,person,5,country
569329,6,561157,14169600,-1.0,4.0,0.0,1.0,-165.0,33.0,-41.0,q1_graph4,2025-06-14 00:00:00,2025-06-14,165,24,6,0,travels_to,1,person,5,country
569329,6,561157,14169600,-1.0,4.0,0.0,1.0,-165.0,33.0,-41.0,q1_graph4,2025-06-14 00:00:00,2025-06-14,165,24,6,0,travels_to,1,person,5,country
580798,6,499467,14774400,-1.0,1.0,2.0,-29.0,-13.0,-22.0,91.0,q1_graph4,2025-06-21 00:00:00,2025-06-21,172,25,6,0,travels_to,1,person,5,country
580798,6,499467,14774400,-1.0,1.0,2.0,-29.0,-13.0,-22.0,91.0,q1_graph4,2025-06-21 00:00:00,2025-06-21,172,25,6,0,travels_to,1,person,5,country
580798,6,499467,14774400,-1.0,1.0,2.0,-29.0,-13.0,-22.0,91.0,q1_graph4,2025-06-21 00:00:00,2025-06-21,172,25,6,0,travels_to,1,person,5,country
580798,6,499467,14774400,-1.0,1.0,2.0,-29.0,-13.0,-22.0,91.0,q1_graph4,2025-06-21 00:00:00,2025-06-21,172,25,6,0,travels_to,1,person,5,country
580798,6,499467,14774400,-1.0,1.0,2.0,-29.0,-13.0,-22.0,91.0,q1_graph4,2025-06-21 00:00:00,2025-06-21,172,25,6,0,travels_to,1,person,5,country
464579,6,625756,15206400,5.0,0.0,3.0,33.0,-41.0,-25.0,-111.0,q1_graph4,2025-06-26 00:00:00,2025-06-26,177,26,6,0,travels_to,1,person,5,country
464579,6,625756,15206400,5.0,0.0,3.0,33.0,-41.0,-25.0,-111.0,q1_graph4,2025-06-26 00:00:00,2025-06-26,177,26,6,0,travels_to,1,person,5,country
464579,6,625756,15206400,5.0,0.0,3.0,33.0,-41.0,-25.0,-111.0,q1_graph4,2025-06-26 00:00:00,2025-06-26,177,26,6,0,travels_to,1,person,5,country
464579,6,625756,15206400,5.0,0.0,3.0,33.0,-41.0,-25.0,-111.0,q1_graph4,2025-06-26 00:00:00,2025-06-26,177,26,6,0,travels_to,1,person,5,country
464579,6,625756,15206400,5.0,0.0,3.0,33.0,-41.0,-25.0,-111.0,q1_graph4,2025-06-26 00:00:00,2025-06-26,177,26,6,0,travels_to,1,person,5,country
569329,6,561157,15897600,-1.0,3.0,0.0,-25.0,-111.0,33.0,-41.0,q1_graph4,2025-07-04 00:00:00,2025-07-04,185,27,7,0,travels_to,1,person,5,country
569329,6,561157,15897600,-1.0,3.0,0.0,-25.0,-111.0,33.0,-41.0,q1_graph4,2025-07-04 00:00:00,2025-07-04,185,27,7,0,travels_to,1,person,5,country
569329,6,561157,15897600,-1.0,3.0,0.0,-25.0,-111.0,33.0,-41.0,q1_graph4,2025-07-04 00:00:00,2025-07-04,185,27,7,0,travels_to,1,person,5,country
569329,6,561157,15897600,-1.0,3.0,0.0,-25.0,-111.0,33.0,-41.0,q1_graph4,2025-07-04 00:00:00,2025-07-04,185,27,7,0,travels_to,1,person,5,country
569329,6,561157,15897600,-1.0,3.0,0.0,-25.0,-111.0,33.0,-41.0,q1_graph4,2025-07-04 00:00:00,2025-07-04,185,27,7,0,travels_to,1,person,5,country
482012,6,616453,18230400,2.0,3.0,5.0,-25.0,-111.0,22.0,156.0,q1_graph4,2025-07-31 00:00:00,2025-07-31,212,31,7,0,travels_to,1,person,5,country
482012,6,616453,18230400,2.0,3.0,5.0,-25.0,-111.0,22.0,156.0,q1_graph4,2025-07-31 00:00:00,2025-07-31,212,31,7,0,travels_to,1,person,5,country
482012,6,616453,18230400,2.0,3.0,5.0,-25.0,-111.0,22.0,156.0,q1_graph4,2025-07-31 00:00:00,2025-07-31,212,31,7,0,travels_to,1,person,5,country
482012,6,616453,18230400,2.0,3.0,5.0,-25.0,-111.0,22.0,156.0,q1_graph4,2025-07-31 00:00:00,2025-07-31,212,31,7,0,travels_to,1,person,5,country
482012,6,616453,18230400,2.0,3.0,5.0,-25.0,-111.0,22.0,156.0,q1_graph4,2025-07-31 00:00:00,2025-07-31,212,31,7,0,travels_to,1,person,5,country
569329,6,509607,18489600,4.0,0.0,4.0,33.0,-41.0,1.0,-165.0,q1_graph4,2025-08-03 00:00:00,2025-08-03,215,31,8,0,travels_to,1,person,5,country
569329,6,509607,18489600,4.0,0.0,4.0,33.0,-41.0,1.0,-165.0,q1_graph4,2025-08-03 00:00:00,2025-08-03,215,31,8,0,travels_to,1,person,5,country
569329,6,509607,18489600,4.0,0.0,4.0,33.0,-41.0,1.0,-165.0,q1_graph4,2025-08-03 00:00:00,2025-08-03,215,31,8,0,travels_to,1,person,5,country
569329,6,509607,18489600,4.0,0.0,4.0,33.0,-41.0,1.0,-165.0,q1_graph4,2025-08-03 00:00:00,2025-08-03,215,31,8,0,travels_to,1,person,5,country
569329,6,509607,18489600,4.0,0.0,4.0,33.0,-41.0,1.0,-165.0,q1_graph4,2025-08-03 00:00:00,2025-08-03,215,31,8,0,travels_to,1,person,5,country
492850,6,616453,27129600,4.0,3.0,5.0,-25.0,-111.0,22.0,156.0,q1_graph4,2025-11-11 00:00:00,2025-11-11,315,46,11,0,travels_to,1,person,5,country
492850,6,616453,27129600,4.0,3.0,5.0,-25.0,-111.0,22.0,156.0,q1_graph4,2025-11-11 00:00:00,2025-11-11,315,46,11,0,travels_to,1,person,5,country
492850,6,616453,27129600,4.0,3.0,5.0,-25.0,-111.0,22.0,156.0,q1_graph4,2025-11-11 00:00:00,2025-11-11,315,46,11,0,travels_to,1,person,5,country
492850,6,616453,27129600,4.0,3.0,5.0,-25.0,-111.0,22.0,156.0,q1_graph4,2025-11-11 00:00:00,2025-11-11,315,46,11,0,travels_to,1,person,5,country
492850,6,616453,27129600,4.0,3.0,5.0,-25.0,-111.0,22.0,156.0,q1_graph4,2025-11-11 00:00:00,2025-11-11,315,46,11,0,travels_to,1,person,5,country
569329,6,499467,27129600,5.0,0.0,2.0,33.0,-41.0,-22.0,91.0,q1_graph4,2025-11-11 00:00:00,2025-11-11,315,46,11,0,travels_to,1,person,5,country
569329,6,499467,27129600,5.0,0.0,2.0,33.0,-41.0,-22.0,91.0,q1_graph4,2025-11-11 00:00:00,2025-11-11,315,46,11,0,travels_to,1,person,5,country
569329,6,499467,27129600,5.0,0.0,2.0,33.0,-41.0,-22.0,91.0,q1_graph4,2025-11-11 00:00:00,2025-11-11,315,46,11,0,travels_to,1,person,5,country
569329,6,499467,27129600,5.0,0.0,2.0,33.0,-41.0,-22.0,91.0,q1_graph4,2025-11-11 00:00:00,2025-11-11,315,46,11,0,travels_to,1,person,5,country
569329,6,499467,27129600,5.0,0.0,2.0,33.0,-41.0,-22.0,91.0,q1_graph4,2025-11-11 00:00:00,2025-11-11,315,46,11,0,travels_to,1,person,5,country
492850,6,616453,27302400,6.0,3.0,5.0,-25.0,-111.0,22.0,156.0,q1_graph4,2025-11-13 00:00:00,2025-11-13,317,46,11,0,travels_to,1,person,5,country
492850,6,616453,27302400,6.0,3.0,5.0,-25.0,-111.0,22.0,156.0,q1_graph4,2025-11-13 00:00:00,2025-11-13,317,46,11,0,travels_to,1,person,5,country
492850,6,616453,27302400,6.0,3.0,5.0,-25.0,-111.0,22.0,156.0,q1_graph4,2025-11-13 00:00:00,2025-11-13,317,46,11,0,travels_to,1,person,5,country
492850,6,616453,27302400,6.0,3.0,5.0,-25.0,-111.0,22.0,156.0,q1_graph4,2025-11-13 00:00:00,2025-11-13,317,46,11,0,travels_to,1,person,5,country
492850,6,616453,27302400,6.0,3.0,5.0,-25.0,-111.0,22.0,156.0,q1_graph4,2025-11-13 00:00:00,2025-11-13,317,46,11,0,travels_to,1,person,5,country
569329,6,616453,28339200,1.0,0.0,5.0,33.0,-41.0,22.0,156.0,q1_graph4,2025-11-25 00:00:00,2025-11-25,329,48,11,0,travels_to,1,person,5,country
569329,6,616453,28339200,1.0,0.0,5.0,33.0,-41.0,22.0,156.0,q1_graph4,2025-11-25 00:00:00,2025-11-25,329,48,11,0,travels_to,1,person,5,country
569329,6,616453,28339200,1.0,0.0,5.0,33.0,-41.0,22.0,156.0,q1_graph4,2025-11-25 00:00:00,2025-11-25,329,48,11,0,travels_to,1,person,5,country
569329,6,616453,28339200,1.0,0.0,5.0,33.0,-41.0,22.0,156.0,q1_graph4,2025-11-25 00:00:00,2025-11-25,329,48,11,0,travels_to,1,person,5,country
569329,6,616453,28339200,1.0,0.0,5.0,33.0,-41.0,22.0,156.0,q1_graph4,2025-11-25 00:00:00,2025-11-25,329,48,11,0,travels_to,1,person,5,country
580798,6,657173,28339200,4.0,2.0,1.0,-22.0,91.0,-29.0,-13.0,q1_graph4,2025-11-25 00:00:00,2025-11-25,329,48,11,0,travels_to,1,person,5,country
580798,6,657173,28339200,4.0,2.0,1.0,-22.0,91.0,-29.0,-13.0,q1_graph4,2025-11-25 00:00:00,2025-11-25,329,48,11,0,travels_to,1,person,5,country
580798,6,657173,28339200,4.0,2.0,1.0,-22.0,91.0,-29.0,-13.0,q1_graph4,2025-11-25 00:00:00,2025-11-25,329,48,11,0,travels_to,1,person,5,country
580798,6,657173,28339200,4.0,2.0,1.0,-22.0,91.0,-29.0,-13.0,q1_graph4,2025-11-25 00:00:00,2025-11-25,329,48,11,0,travels_to,1,person,5,country
580798,6,657173,28339200,4.0,2.0,1.0,-22.0,91.0,-29.0,-13.0,q1_graph4,2025-11-25 00:00:00,2025-11-25,329,48,11,0,travels_to,1,person,5,country
569329,6,625756,28771200,4.0,1.0,3.0,-29.0,-13.0,-25.0,-111.0,q1_graph4,2025-11-30 00:00:00,2025-11-30,334,48,11,0,travels_to,1,person,5,country
569329,6,625756,28771200,4.0,1.0,3.0,-29.0,-13.0,-25.0,-111.0,q1_graph4,2025-11-30 00:00:00,2025-11-30,334,48,11,0,travels_to,1,person,5,country
569329,6,625756,28771200,4.0,1.0,3.0,-29.0,-13.0,-25.0,-111.0,q1_graph4,2025-11-30 00:00:00,2025-11-30,334,48,11,0,travels_to,1,person,5,country
569329,6,625756,28771200,4.0,1.0,3.0,-29.0,-13.0,-25.0,-111.0,q1_graph4,2025-11-30 00:00:00,2025-11-30,334,48,11,0,travels_to,1,person,5,country
569329,6,625756,28771200,4.0,1.0,3.0,-29.0,-13.0,-25.0,-111.0,q1_graph4,2025-11-30 00:00:00,2025-11-30,334,48,11,0,travels_to,1,person,5,country
492850,6,625756,28944000,-1.0,4.0,3.0,1.0,-165.0,-25.0,-111.0,q1_graph4,2025-12-02 00:00:00,2025-12-02,336,49,12,0,travels_to,1,person,5,country
492850,6,625756,28944000,-1.0,4.0,3.0,1.0,-165.0,-25.0,-111.0,q1_graph4,2025-12-02 00:00:00,2025-12-02,336,49,12,0,travels_to,1,person,5,country
492850,6,625756,28944000,-1.0,4.0,3.0,1.0,-165.0,-25.0,-111.0,q1_graph4,2025-12-02 00:00:00,2025-12-02,336,49,12,0,travels_to,1,person,5,country
492850,6,625756,28944000,-1.0,4.0,3.0,1.0,-165.0,-25.0,-111.0,q1_graph4,2025-12-02 00:00:00,2025-12-02,336,49,12,0,travels_to,1,person,5,country
492850,6,625756,28944000,-1.0,4.0,3.0,1.0,-165.0,-25.0,-111.0,q1_graph4,2025-12-02 00:00:00,2025-12-02,336,49,12,0,travels_to,1,person,5,country
464579,6,561157,29894400,-1.0,1.0,0.0,-29.0,-13.0,33.0,-41.0,q1_graph4,2025-12-13 00:00:00,2025-12-13,347,50,12,0,travels_to,1,person,5,country
464579,6,561157,29894400,-1.0,1.0,0.0,-29.0,-13.0,33.0,-41.0,q1_graph4,2025-12-13 00:00:00,2025-12-13,347,50,12,0,travels_to,1,person,5,country
464579,6,561157,29894400,-1.0,1.0,0.0,-29.0,-13.0,33.0,-41.0,q1_graph4,2025-12-13 00:00:00,2025-12-13,347,50,12,0,travels_to,1,person,5,country
464579,6,561157,29894400,-1.0,1.0,0.0,-29.0,-13.0,33.0,-41.0,q1_graph4,2025-12-13 00:00:00,2025-12-13,347,50,12,0,travels_to,1,person,5,country
464579,6,561157,29894400,-1.0,1.0,0.0,-29.0,-13.0,33.0,-41.0,q1_graph4,2025-12-13 00:00:00,2025-12-13,347,50,12,0,travels_to,1,person,5,country
619322,6,657173,1987200,8.0,5.0,1.0,22.0,156.0,-29.0,-13.0,q1_graph5,2025-01-24 00:00:00,2025-01-24,24,4,1,0,travels_to,1,person,5,country
619322,6,657173,1987200,8.0,5.0,1.0,22.0,156.0,-29.0,-13.0,q1_graph5,2025-01-24 00:00:00,2025-01-24,24,4,1,0,travels_to,1,person,5,country
619322,6,657173,1987200,8.0,5.0,1.0,22.0,156.0,-29.0,-13.0,q1_graph5,2025-01-24 00:00:00,2025-01-24,24,4,1,0,travels_to,1,person,5,country
619322,6,657173,1987200,8.0,5.0,1.0,22.0,156.0,-29.0,-13.0,q1_graph5,2025-01-24 00:00:00,2025-01-24,24,4,1,0,travels_to,1,person,5,country
619322,6,657173,1987200,8.0,5.0,1.0,22.0,156.0,-29.0,-13.0,q1_graph5,2025-01-24 00:00:00,2025-01-24,24,4,1,0,travels_to,1,person,5,country
594308,6,616453,3283200,1.0,2.0,5.0,-22.0,91.0,22.0,156.0,q1_graph5,2025-02-08 00:00:00,2025-02-08,39,6,2,0,travels_to,1,person,5,country
594308,6,616453,3283200,1.0,2.0,5.0,-22.0,91.0,22.0,156.0,q1_graph5,2025-02-08 00:00:00,2025-02-08,39,6,2,0,travels_to,1,person,5,country
594308,6,616453,3283200,1.0,2.0,5.0,-22.0,91.0,22.0,156.0,q1_graph5,2025-02-08 00:00:00,2025-02-08,39,6,2,0,travels_to,1,person,5,country
594308,6,616453,3283200,1.0,2.0,5.0,-22.0,91.0,22.0,156.0,q1_graph5,2025-02-08 00:00:00,2025-02-08,39,6,2,0,travels_to,1,person,5,country
594308,6,616453,3283200,1.0,2.0,5.0,-22.0,91.0,22.0,156.0,q1_graph5,2025-02-08 00:00:00,2025-02-08,39,6,2,0,travels_to,1,person,5,country
477657,6,616453,4924800,0.0,0.0,5.0,33.0,-41.0,22.0,156.0,q1_graph5,2025-02-27 00:00:00,2025-02-27,58,9,2,0,travels_to,1,person,5,country
477657,6,616453,4924800,0.0,0.0,5.0,33.0,-41.0,22.0,156.0,q1_graph5,2025-02-27 00:00:00,2025-02-27,58,9,2,0,travels_to,1,person,5,country
477657,6,616453,4924800,0.0,0.0,5.0,33.0,-41.0,22.0,156.0,q1_graph5,2025-02-27 00:00:00,2025-02-27,58,9,2,0,travels_to,1,person,5,country
477657,6,616453,4924800,0.0,0.0,5.0,33.0,-41.0,22.0,156.0,q1_graph5,2025-02-27 00:00:00,2025-02-27,58,9,2,0,travels_to,1,person,5,country
477657,6,616453,4924800,0.0,0.0,5.0,33.0,-41.0,22.0,156.0,q1_graph5,2025-02-27 00:00:00,2025-02-27,58,9,2,0,travels_to,1,person,5,country
477657,6,625756,5702400,3.0,2.0,3.0,-22.0,91.0,-25.0,-111.0,q1_graph5,2025-03-08 00:00:00,2025-03-08,67,10,3,0,travels_to,1,person,5,country
477657,6,625756,5702400,3.0,2.0,3.0,-22.0,91.0,-25.0,-111.0,q1_graph5,2025-03-08 00:00:00,2025-03-08,67,10,3,0,travels_to,1,person,5,country
477657,6,625756,5702400,3.0,2.0,3.0,-22.0,91.0,-25.0,-111.0,q1_graph5,2025-03-08 00:00:00,2025-03-08,67,10,3,0,travels_to,1,person,5,country
477657,6,625756,5702400,3.0,2.0,3.0,-22.0,91.0,-25.0,-111.0,q1_graph5,2025-03-08 00:00:00,2025-03-08,67,10,3,0,travels_to,1,person,5,country
477657,6,625756,5702400,3.0,2.0,3.0,-22.0,91.0,-25.0,-111.0,q1_graph5,2025-03-08 00:00:00,2025-03-08,67,10,3,0,travels_to,1,person,5,country
619322,6,509607,6652800,3.0,3.0,4.0,-25.0,-111.0,1.0,-165.0,q1_graph5,2025-03-19 00:00:00,2025-03-19,78,12,3,0,travels_to,1,person,5,country
619322,6,509607,6652800,3.0,3.0,4.0,-25.0,-111.0,1.0,-165.0,q1_graph5,2025-03-19 00:00:00,2025-03-19,78,12,3,0,travels_to,1,person,5,country
619322,6,509607,6652800,3.0,3.0,4.0,-25.0,-111.0,1.0,-165.0,q1_graph5,2025-03-19 00:00:00,2025-03-19,78,12,3,0,travels_to,1,person,5,country
619322,6,509607,6652800,3.0,3.0,4.0,-25.0,-111.0,1.0,-165.0,q1_graph5,2025-03-19 00:00:00,2025-03-19,78,12,3,0,travels_to,1,person,5,country
619322,6,509607,6652800,3.0,3.0,4.0,-25.0,-111.0,1.0,-165.0,q1_graph5,2025-03-19 00:00:00,2025-03-19,78,12,3,0,travels_to,1,person,5,country
477657,6,616453,7603200,0.0,4.0,5.0,1.0,-165.0,22.0,156.0,q1_graph5,2025-03-30 00:00:00,2025-03-30,89,13,3,0,travels_to,1,person,5,country
477657,6,616453,7603200,0.0,4.0,5.0,1.0,-165.0,22.0,156.0,q1_graph5,2025-03-30 00:00:00,2025-03-30,89,13,3,0,travels_to,1,person,5,country
477657,6,616453,7603200,0.0,4.0,5.0,1.0,-165.0,22.0,156.0,q1_graph5,2025-03-30 00:00:00,2025-03-30,89,13,3,0,travels_to,1,person,5,country
477657,6,616453,7603200,0.0,4.0,5.0,1.0,-165.0,22.0,156.0,q1_graph5,2025-03-30 00:00:00,2025-03-30,89,13,3,0,travels_to,1,person,5,country
477657,6,616453,7603200,0.0,4.0,5.0,1.0,-165.0,22.0,156.0,q1_graph5,2025-03-30 00:00:00,2025-03-30,89,13,3,0,travels_to,1,person,5,country
483784,6,561157,7948800,-1.0,3.0,0.0,-25.0,-111.0,33.0,-41.0,q1_graph5,2025-04-03 00:00:00,2025-04-03,93,14,4,0,travels_to,1,person,5,country
483784,6,561157,7948800,-1.0,3.0,0.0,-25.0,-111.0,33.0,-41.0,q1_graph5,2025-04-03 00:00:00,2025-04-03,93,14,4,0,travels_to,1,person,5,country
483784,6,561157,7948800,-1.0,3.0,0.0,-25.0,-111.0,33.0,-41.0,q1_graph5,2025-04-03 00:00:00,2025-04-03,93,14,4,0,travels_to,1,person,5,country
483784,6,561157,7948800,-1.0,3.0,0.0,-25.0,-111.0,33.0,-41.0,q1_graph5,2025-04-03 00:00:00,2025-04-03,93,14,4,0,travels_to,1,person,5,country
483784,6,561157,7948800,-1.0,3.0,0.0,-25.0,-111.0,33.0,-41.0,q1_graph5,2025-04-03 00:00:00,2025-04-03,93,14,4,0,travels_to,1,person,5,country
619322,6,509607,8294400,3.0,3.0,4.0,-25.0,-111.0,1.0,-165.0,q1_graph5,2025-04-07 00:00:00,2025-04-07,97,15,4,0,travels_to,1,person,5,country
619322,6,509607,8294400,3.0,3.0,4.0,-25.0,-111.0,1.0,-165.0,q1_graph5,2025-04-07 00:00:00,2025-04-07,97,15,4,0,travels_to,1,person,5,country
619322,6,509607,8294400,3.0,3.0,4.0,-25.0,-111.0,1.0,-165.0,q1_graph5,2025-04-07 00:00:00,2025-04-07,97,15,4,0,travels_to,1,person,5,country
619322,6,509607,8294400,3.0,3.0,4.0,-25.0,-111.0,1.0,-165.0,q1_graph5,2025-04-07 00:00:00,2025-04-07,97,15,4,0,travels_to,1,person,5,country
619322,6,509607,8294400,3.0,3.0,4.0,-25.0,-111.0,1.0,-165.0,q1_graph5,2025-04-07 00:00:00,2025-04-07,97,15,4,0,travels_to,1,person,5,country
619322,6,616453,9504000,2.0,3.0,5.0,-25.0,-111.0,22.0,156.0,q1_graph5,2025-04-21 00:00:00,2025-04-21,111,17,4,0,travels_to,1,person,5,country
619322,6,616453,9504000,2.0,3.0,5.0,-25.0,-111.0,22.0,156.0,q1_graph5,2025-04-21 00:00:00,2025-04-21,111,17,4,0,travels_to,1,person,5,country
619322,6,616453,9504000,2.0,3.0,5.0,-25.0,-111.0,22.0,156.0,q1_graph5,2025-04-21 00:00:00,2025-04-21,111,17,4,0,travels_to,1,person,5,country
619322,6,616453,9504000,2.0,3.0,5.0,-25.0,-111.0,22.0,156.0,q1_graph5,2025-04-21 00:00:00,2025-04-21,111,17,4,0,travels_to,1,person,5,country
619322,6,616453,9504000,2.0,3.0,5.0,-25.0,-111.0,22.0,156.0,q1_graph5,2025-04-21 00:00:00,2025-04-21,111,17,4,0,travels_to,1,person,5,country
594308,6,509607,10713600,1.0,2.0,4.0,-22.0,91.0,1.0,-165.0,q1_graph5,2025-05-05 00:00:00,2025-05-05,125,19,5,0,travels_to,1,person,5,country
594308,6,509607,10713600,1.0,2.0,4.0,-22.0,91.0,1.0,-165.0,q1_graph5,2025-05-05 00:00:00,2025-05-05,125,19,5,0,travels_to,1,person,5,country
594308,6,509607,10713600,1.0,2.0,4.0,-22.0,91.0,1.0,-165.0,q1_graph5,2025-05-05 00:00:00,2025-05-05,125,19,5,0,travels_to,1,person,5,country
594308,6,509607,10713600,1.0,2.0,4.0,-22.0,91.0,1.0,-165.0,q1_graph5,2025-05-05 00:00:00,2025-05-05,125,19,5,0,travels_to,1,person,5,country
594308,6,509607,10713600,1.0,2.0,4.0,-22.0,91.0,1.0,-165.0,q1_graph5,2025-05-05 00:00:00,2025-05-05,125,19,5,0,travels_to,1,person,5,country
483784,6,561157,14515200,-1.0,1.0,0.0,-29.0,-13.0,33.0,-41.0,q1_graph5,2025-06-18 00:00:00,2025-06-18,169,25,6,0,travels_to,1,person,5,country
483784,6,561157,14515200,-1.0,1.0,0.0,-29.0,-13.0,33.0,-41.0,q1_graph5,2025-06-18 00:00:00,2025-06-18,169,25,6,0,travels_to,1,person,5,country
483784,6,561157,14515200,-1.0,1.0,0.0,-29.0,-13.0,33.0,-41.0,q1_graph5,2025-06-18 00:00:00,2025-06-18,169,25,6,0,travels_to,1,person,5,country
483784,6,561157,14515200,-1.0,1.0,0.0,-29.0,-13.0,33.0,-41.0,q1_graph5,2025-06-18 00:00:00,2025-06-18,169,25,6,0,travels_to,1,person,5,country
483784,6,561157,14515200,-1.0,1.0,0.0,-29.0,-13.0,33.0,-41.0,q1_graph5,2025-06-18 00:00:00,2025-06-18,169,25,6,0,travels_to,1,person,5,country
619322,6,625756,14947200,-1.0,2.0,3.0,-22.0,91.0,-25.0,-111.0,q1_graph5,2025-06-23 00:00:00,2025-06-23,174,26,6,0,travels_to,1,person,5,country
619322,6,625756,14947200,-1.0,2.0,3.0,-22.0,91.0,-25.0,-111.0,q1_graph5,2025-06-23 00:00:00,2025-06-23,174,26,6,0,travels_to,1,person,5,country
619322,6,625756,14947200,-1.0,2.0,3.0,-22.0,91.0,-25.0,-111.0,q1_graph5,2025-06-23 00:00:00,2025-06-23,174,26,6,0,travels_to,1,person,5,country
619322,6,625756,14947200,-1.0,2.0,3.0,-22.0,91.0,-25.0,-111.0,q1_graph5,2025-06-23 00:00:00,2025-06-23,174,26,6,0,travels_to,1,person,5,country
619322,6,625756,14947200,-1.0,2.0,3.0,-22.0,91.0,-25.0,-111.0,q1_graph5,2025-06-23 00:00:00,2025-06-23,174,26,6,0,travels_to,1,person,5,country
483784,6,561157,15120000,-1.0,0.0,0.0,33.0,-41.0,33.0,-41.0,q1_graph5,2025-06-25 00:00:00,2025-06-25,176,26,6,0,travels_to,1,person,5,country
483784,6,561157,15120000,-1.0,0.0,0.0,33.0,-41.0,33.0,-41.0,q1_graph5,2025-06-25 00:00:00,2025-06-25,176,26,6,0,travels_to,1,person,5,country
483784,6,561157,15120000,-1.0,0.0,0.0,33.0,-41.0,33.0,-41.0,q1_graph5,2025-06-25 00:00:00,2025-06-25,176,26,6,0,travels_to,1,person,5,country
483784,6,561157,15120000,-1.0,0.0,0.0,33.0,-41.0,33.0,-41.0,q1_graph5,2025-06-25 00:00:00,2025-06-25,176,26,6,0,travels_to,1,person,5,country
483784,6,561157,15120000,-1.0,0.0,0.0,33.0,-41.0,33.0,-41.0,q1_graph5,2025-06-25 00:00:00,2025-06-25,176,26,6,0,travels_to,1,person,5,country
477657,6,616453,15120000,1.0,0.0,5.0,33.0,-41.0,22.0,156.0,q1_graph5,2025-06-25 00:00:00,2025-06-25,176,26,6,0,travels_to,1,person,5,country
477657,6,616453,15120000,1.0,0.0,5.0,33.0,-41.0,22.0,156.0,q1_graph5,2025-06-25 00:00:00,2025-06-25,176,26,6,0,travels_to,1,person,5,country
477657,6,616453,15120000,1.0,0.0,5.0,33.0,-41.0,22.0,156.0,q1_graph5,2025-06-25 00:00:00,2025-06-25,176,26,6,0,travels_to,1,person,5,country
477657,6,616453,15120000,1.0,0.0,5.0,33.0,-41.0,22.0,156.0,q1_graph5,2025-06-25 00:00:00,2025-06-25,176,26,6,0,travels_to,1,person,5,country
477657,6,616453,15120000,1.0,0.0,5.0,33.0,-41.0,22.0,156.0,q1_graph5,2025-06-25 00:00:00,2025-06-25,176,26,6,0,travels_to,1,person,5,country
477657,6,499467,17107200,5.0,4.0,2.0,1.0,-165.0,-22.0,91.0,q1_graph5,2025-07-18 00:00:00,2025-07-18,199,29,7,0,travels_to,1,person,5,country
477657,6,499467,17107200,5.0,4.0,2.0,1.0,-165.0,-22.0,91.0,q1_graph5,2025-07-18 00:00:00,2025-07-18,199,29,7,0,travels_to,1,person,5,country
477657,6,499467,17107200,5.0,4.0,2.0,1.0,-165.0,-22.0,91.0,q1_graph5,2025-07-18 00:00:00,2025-07-18,199,29,7,0,travels_to,1,person,5,country
477657,6,499467,17107200,5.0,4.0,2.0,1.0,-165.0,-22.0,91.0,q1_graph5,2025-07-18 00:00:00,2025-07-18,199,29,7,0,travels_to,1,person,5,country
477657,6,499467,17107200,5.0,4.0,2.0,1.0,-165.0,-22.0,91.0,q1_graph5,2025-07-18 00:00:00,2025-07-18,199,29,7,0,travels_to,1,person,5,country
619322,6,657173,21168000,3.0,3.0,1.0,-25.0,-111.0,-29.0,-13.0,q1_graph5,2025-09-03 00:00:00,2025-09-03,246,36,9,0,travels_to,1,person,5,country
619322,6,657173,21168000,3.0,3.0,1.0,-25.0,-111.0,-29.0,-13.0,q1_graph5,2025-09-03 00:00:00,2025-09-03,246,36,9,0,travels_to,1,person,5,country
619322,6,657173,21168000,3.0,3.0,1.0,-25.0,-111.0,-29.0,-13.0,q1_graph5,2025-09-03 00:00:00,2025-09-03,246,36,9,0,travels_to,1,person,5,country
619322,6,657173,21168000,3.0,3.0,1.0,-25.0,-111.0,-29.0,-13.0,q1_graph5,2025-09-03 00:00:00,2025-09-03,246,36,9,0,travels_to,1,person,5,country
619322,6,657173,21168000,3.0,3.0,1.0,-25.0,-111.0,-29.0,-13.0,q1_graph5,2025-09-03 00:00:00,2025-09-03,246,36,9,0,travels_to,1,person,5,country
594308,6,561157,23587200,4.0,2.0,0.0,-22.0,91.0,33.0,-41.0,q1_graph5,2025-10-01 00:00:00,2025-10-01,274,40,10,0,travels_to,1,person,5,country
594308,6,561157,23587200,4.0,2.0,0.0,-22.0,91.0,33.0,-41.0,q1_graph5,2025-10-01 00:00:00,2025-10-01,274,40,10,0,travels_to,1,person,5,country
594308,6,561157,23587200,4.0,2.0,0.0,-22.0,91.0,33.0,-41.0,q1_graph5,2025-10-01 00:00:00,2025-10-01,274,40,10,0,travels_to,1,person,5,country
594308,6,561157,23587200,4.0,2.0,0.0,-22.0,91.0,33.0,-41.0,q1_graph5,2025-10-01 00:00:00,2025-10-01,274,40,10,0,travels_to,1,person,5,country
594308,6,561157,23587200,4.0,2.0,0.0,-22.0,91.0,33.0,-41.0,q1_graph5,2025-10-01 00:00:00,2025-10-01,274,40,10,0,travels_to,1,person,5,country
483784,6,561157,24105600,-1.0,0.0,0.0,33.0,-41.0,33.0,-41.0,q1_graph5,2025-10-07 00:00:00,2025-10-07,280,41,10,0,travels_to,1,person,5,country
483784,6,561157,24105600,-1.0,0.0,0.0,33.0,-41.0,33.0,-41.0,q1_graph5,2025-10-07 00:00:00,2025-10-07,280,41,10,0,travels_to,1,person,5,country
483784,6,561157,24105600,-1.0,0.0,0.0,33.0,-41.0,33.0,-41.0,q1_graph5,2025-10-07 00:00:00,2025-10-07,280,41,10,0,travels_to,1,person,5,country
483784,6,561157,24105600,-1.0,0.0,0.0,33.0,-41.0,33.0,-41.0,q1_graph5,2025-10-07 00:00:00,2025-10-07,280,41,10,0,travels_to,1,person,5,country
483784,6,561157,24105600,-1.0,0.0,0.0,33.0,-41.0,33.0,-41.0,q1_graph5,2025-10-07 00:00:00,2025-10-07,280,41,10,0,travels_to,1,person,5,country
594308,6,509607,24710400,1.0,2.0,4.0,-22.0,91.0,1.0,-165.0,q1_graph5,2025-10-14 00:00:00,2025-10-14,287,42,10,0,travels_to,1,person,5,country
594308,6,509607,24710400,1.0,2.0,4.0,-22.0,91.0,1.0,-165.0,q1_graph5,2025-10-14 00:00:00,2025-10-14,287,42,10,0,travels_to,1,person,5,country
594308,6,509607,24710400,1.0,2.0,4.0,-22.0,91.0,1.0,-165.0,q1_graph5,2025-10-14 00:00:00,2025-10-14,287,42,10,0,travels_to,1,person,5,country
594308,6,509607,24710400,1.0,2.0,4.0,-22.0,91.0,1.0,-165.0,q1_graph5,2025-10-14 00:00:00,2025-10-14,287,42,10,0,travels_to,1,person,5,country
594308,6,509607,24710400,1.0,2.0,4.0,-22.0,91.0,1.0,-165.0,q1_graph5,2025-10-14 00:00:00,2025-10-14,287,42,10,0,travels_to,1,person,5,country
477657,6,561157,26006400,1.0,4.0,0.0,1.0,-165.0,33.0,-41.0,q1_graph5,2025-10-29 00:00:00,2025-10-29,302,44,10,0,travels_to,1,person,5,country
477657,6,561157,26006400,1.0,4.0,0.0,1.0,-165.0,33.0,-41.0,q1_graph5,2025-10-29 00:00:00,2025-10-29,302,44,10,0,travels_to,1,person,5,country
477657,6,561157,26006400,1.0,4.0,0.0,1.0,-165.0,33.0,-41.0,q1_graph5,2025-10-29 00:00:00,2025-10-29,302,44,10,0,travels_to,1,person,5,country
477657,6,561157,26006400,1.0,4.0,0.0,1.0,-165.0,33.0,-41.0,q1_graph5,2025-10-29 00:00:00,2025-10-29,302,44,10,0,travels_to,1,person,5,country
477657,6,561157,26006400,1.0,4.0,0.0,1.0,-165.0,33.0,-41.0,q1_graph5,2025-10-29 00:00:00,2025-10-29,302,44,10,0,travels_to,1,person,5,country
573137,6,616453,28598400,0.0,4.0,5.0,1.0,-165.0,22.0,156.0,q1_graph5,2025-11-28 00:00:00,2025-11-28,332,48,11,0,travels_to,1,person,5,country
573137,6,616453,28598400,0.0,4.0,5.0,1.0,-165.0,22.0,156.0,q1_graph5,2025-11-28 00:00:00,2025-11-28,332,48,11,0,travels_to,1,person,5,country
573137,6,616453,28598400,0.0,4.0,5.0,1.0,-165.0,22.0,156.0,q1_graph5,2025-11-28 00:00:00,2025-11-28,332,48,11,0,travels_to,1,person,5,country
573137,6,616453,28598400,0.0,4.0,5.0,1.0,-165.0,22.0,156.0,q1_graph5,2025-11-28 00:00:00,2025-11-28,332,48,11,0,travels_to,1,person,5,country
573137,6,616453,28598400,0.0,4.0,5.0,1.0,-165.0,22.0,156.0,q1_graph5,2025-11-28 00:00:00,2025-11-28,332,48,11,0,travels_to,1,person,5,country
573137,6,509607,28684800,-1.0,3.0,4.0,-25.0,-111.0,1.0,-165.0,q1_graph5,2025-11-29 00:00:00,2025-11-29,333,48,11,0,travels_to,1,person,5,country
573137,6,509607,28684800,-1.0,3.0,4.0,-25.0,-111.0,1.0,-165.0,q1_graph5,2025-11-29 00:00:00,2025-11-29,333,48,11,0,travels_to,1,person,5,country
573137,6,509607,28684800,-1.0,3.0,4.0,-25.0,-111.0,1.0,-165.0,q1_graph5,2025-11-29 00:00:00,2025-11-29,333,48,11,0,travels_to,1,person,5,country
573137,6,509607,28684800,-1.0,3.0,4.0,-25.0,-111.0,1.0,-165.0,q1_graph5,2025-11-29 00:00:00,2025-11-29,333,48,11,0,travels_to,1,person,5,country
573137,6,509607,28684800,-1.0,3.0,4.0,-25.0,-111.0,1.0,-165.0,q1_graph5,2025-11-29 00:00:00,2025-11-29,333,48,11,0,travels_to,1,person,5,country
