graph,person_id,income_510031,income_552988,income_620120,spending_459381,spending_466907,spending_473173,spending_503218,spending_503701,spending_520660,spending_523927,spending_527449,spending_536346,spending_537281,spending_567195,spending_571970,spending_575030,spending_577992,spending_580426,spending_589943,spending_595298,spending_595581,spending_606730,spending_616315,spending_620120,spending_621924,spending_630626,spending_632961,spending_640784,spending_642329,spending_644226,total_spending,total_income,net_financial
q1_graph1,463777,226.36,7392.6,168.12,436.8,208.84,522.83,0.0,1690.67,1823.5,1561.97,193.02,763.66,474.25,851.71,0.0,2870.09,4864.11,316.86,427.55,1409.48,693.07,0.0,1471.99,0.0,4575.82,583.52,73.59,0.0,0.0,205.66,26018.99,7787.08,-18231.910000000003
q1_graph1,464459,453.32,51492.7,3442.81,1702.6,1601.52,1690.82,0.0,0.0,0.0,1784.67,534.04,0.0,1845.19,1167.72,763.63,6587.65,3184.21,0.0,0.0,2991.42,4296.71,0.0,3261.55,0.0,5937.72,0.0,699.42,0.0,0.0,0.0,38048.869999999995,55388.829999999994,17339.96
q1_graph1,474199,556.31,7508.97,500.51,199.86,0.0,826.39,0.0,0.0,0.0,0.0,619.57,0.0,101.17,195.8,134.02,3106.61,134.4,739.24,1383.94,900.45,314.86,0.0,0.0,0.0,0.0,0.0,0.0,0.0,229.05,0.0,8885.36,8565.79,-319.5699999999997
q1_graph1,475130,1288.3,10098.5,0.0,464.59,750.34,1083.35,0.0,1402.55,0.0,873.6,296.73,0.0,227.9,0.0,32.31,0.0,48.06,606.11,2085.7,760.17,923.51,0.0,691.64,598.5,0.0,0.0,136.86,0.0,233.2,0.0,11215.120000000003,11386.8,171.67999999999665
q1_graph1,490041,0.0,9945.27,0.0,944.51,0.0,546.79,0.0,1124.28,3164.62,5981.19,190.9,3898.0,2016.75,3425.74,755.36,989.2,0.0,0.0,3472.76,2351.23,0.0,0.0,541.23,902.7,309.48,3877.78,1277.89,0.0,2715.88,1088.3,39574.590000000004,9945.27,-29629.320000000003
q1_graph1,492286,0.0,69256.8,0.0,1166.8,1376.82,794.47,0.0,4242.92,0.0,5422.26,883.83,0.0,598.14,14538.3,260.88,39657.7,0.0,0.0,0.0,2904.37,5061.07,0.0,7666.8,15251.0,72.49,12542.5,1609.83,0.0,905.48,0.0,114955.65999999999,69256.8,-45698.859999999986
q1_graph1,492777,0.0,9732.82,947.58,360.75,128.47,1461.98,0.0,1619.79,0.0,0.0,124.26,0.0,0.0,1073.08,146.65,6491.57,0.0,185.63,1598.66,611.56,0.0,0.0,535.22,0.0,1518.45,2838.79,147.32,0.0,815.28,0.0,19657.46,10680.4,-8977.06
q1_graph1,493044,0.0,18919.4,0.0,224.81,658.91,1858.42,0.0,2554.09,822.4,75.77,377.6,1472.52,1094.45,1684.01,0.0,7441.46,0.0,130.79,0.0,1684.21,1412.76,0.0,0.0,774.25,1167.94,5087.5,45.08,0.0,125.63,1702.58,30395.18,18919.4,-11475.779999999999
q1_graph1,502591,525.02,54333.1,0.0,382.45,631.99,669.18,0.0,5503.51,4874.08,266.52,768.82,1101.4,1399.54,536.87,218.21,0.0,1369.2,0.0,0.0,4093.29,2099.77,0.0,2810.98,9247.45,2572.76,4144.78,488.63,0.0,0.0,814.8,43994.23,54858.119999999995,10863.889999999992
q1_graph1,505722,7190.11,900735.0,0.0,1721.87,4593.29,8086.96,4118.47,12163.6,0.0,0.0,238.75,0.0,1137.66,62750.4,0.0,0.0,0.0,3425.98,20056.8,6060.91,11587.2,0.0,14641.3,9231.82,9236.96,34840.3,0.0,0.0,11493.8,0.0,215386.06999999998,907925.11,692539.04
q1_graph1,512397,0.0,32518.9,0.0,993.54,711.5,4962.24,0.0,0.0,4200.84,3252.44,343.32,881.23,732.21,4880.51,22.79,11068.6,739.49,0.0,0.0,2840.81,6308.05,1254.79,321.43,4388.86,2487.82,6106.78,913.17,1119.13,1180.66,1984.33,61694.54,32518.9,-29175.64
q1_graph1,517273,3161.42,121149.0,0.0,1589.03,3709.53,1112.61,0.0,5355.92,0.0,1775.55,461.18,0.0,0.0,0.0,436.23,14630.5,8669.64,286.56,6858.84,18128.6,8511.84,0.0,5037.65,20241.9,1370.28,18476.7,2229.71,0.0,3021.52,0.0,121903.79,124310.42,2406.6300000000047
q1_graph1,529922,0.0,47106.5,0.0,388.16,512.78,1715.33,0.0,3689.19,1056.71,690.54,233.11,561.9,0.0,889.15,119.01,9216.46,920.72,481.91,3011.76,2032.07,2047.56,0.0,1647.79,7263.71,1790.27,6042.72,390.31,0.0,220.36,1072.89,45994.41,47106.5,1112.0899999999965
q1_graph1,530528,1273.93,22471.7,0.0,709.74,803.27,2025.14,0.0,1056.28,10454.0,566.66,626.25,42.39,0.0,3256.84,572.39,0.0,5401.11,1055.24,0.0,323.75,0.0,0.0,1263.37,3136.11,0.0,8433.51,1258.56,0.0,1860.01,2654.76,45499.380000000005,23745.63,-21753.750000000004
q1_graph1,533140,235.04,14701.4,0.0,279.66,507.01,1516.94,0.0,1741.49,0.0,0.0,96.46,0.0,497.08,534.56,85.16,0.0,530.6,0.0,0.0,1314.31,0.0,0.0,239.94,333.78,0.0,3150.22,290.73,0.0,1131.24,0.0,12249.179999999998,14936.44,2687.260000000002
q1_graph1,548513,1688.22,8328.29,1057.83,2555.54,0.0,1129.58,0.0,0.0,7279.05,0.0,706.38,3302.11,0.0,3345.4,60.39,0.0,0.0,479.26,1499.5,6392.63,4817.44,0.0,0.0,0.0,989.89,5458.02,0.0,0.0,0.0,1464.26,39479.450000000004,11074.34,-28405.110000000004
q1_graph1,550361,0.0,12586.9,0.0,235.5,0.0,333.88,0.0,1870.79,0.0,94.05,114.69,1078.75,489.54,2912.89,152.14,3691.55,0.0,382.99,2474.91,1135.49,820.04,0.0,0.0,94.43,626.0,2681.86,0.0,0.0,201.32,1378.84,20769.66,12586.9,-8182.76
q1_graph1,554431,2533.31,25798.3,1916.13,991.31,1592.45,2609.97,0.0,11532.2,0.0,2100.87,477.21,0.0,575.81,4869.66,109.57,8023.05,0.0,507.66,2292.69,1022.79,864.5,0.0,0.0,0.0,4588.96,8432.04,0.0,0.0,3608.19,0.0,54198.93,30247.74,-23951.19
q1_graph1,566342,0.0,11191.5,0.0,928.67,1503.23,350.38,0.0,0.0,0.0,695.41,239.28,0.0,729.47,0.0,409.84,4154.76,1673.49,0.0,1392.07,2976.7,0.0,0.0,2325.96,201.24,1246.31,2836.39,730.67,0.0,3830.14,0.0,26224.01,11191.5,-15032.509999999998
q1_graph1,568093,0.0,10786.0,0.0,1351.29,462.8,1626.36,0.0,1230.07,0.0,0.0,423.63,0.0,0.0,0.0,0.0,0.0,5152.55,276.35,2057.6,6929.54,3047.35,0.0,4470.49,2087.31,1770.99,0.0,55.9,0.0,0.0,0.0,30942.229999999996,10786.0,-20156.229999999996
q1_graph1,569820,1702.37,202871.0,0.0,629.72,808.95,97.31,0.0,3718.44,0.0,3093.55,87.4,0.0,647.27,2942.39,604.29,7133.86,0.0,2682.75,5383.92,3574.6,2875.99,534.52,0.0,73919.0,6704.79,8464.39,1512.55,273.24,1345.06,0.0,127033.98999999999,204573.37,77539.38
q1_graph1,570411,209.3,76722.1,0.0,1991.54,690.53,985.43,0.0,2200.13,5688.59,0.0,574.26,5580.8,0.0,17179.0,578.66,5599.51,1689.51,1317.79,0.0,2665.72,3426.73,0.0,0.0,12330.7,2276.97,15868.4,0.0,0.0,0.0,4046.65,84690.92,76931.40000000001,-7759.5199999999895
q1_graph1,575704,596.72,31934.9,0.0,2391.69,0.0,3479.68,0.0,2660.68,0.0,1911.13,749.74,0.0,1557.66,0.0,0.0,0.0,0.0,693.04,9784.56,4273.66,4613.15,196.03,0.0,2255.94,0.0,0.0,849.79,0.0,0.0,0.0,35416.75,32531.620000000003,-2885.1299999999974
q1_graph1,575859,1267.83,3304.77,0.0,766.88,0.0,440.95,0.0,183.4,0.0,976.38,132.1,0.0,2274.47,477.89,0.0,9070.65,0.0,779.37,1168.58,366.2,2474.64,0.0,0.0,1543.6,1296.75,0.0,0.0,0.0,0.0,0.0,21951.86,4572.6,-17379.260000000002
q1_graph1,576641,0.0,2326.88,0.0,385.35,607.0,349.8,0.0,1617.76,0.0,496.73,57.7,0.0,276.28,101.93,62.22,367.71,0.0,480.73,564.31,1277.17,878.76,0.0,0.0,532.92,0.0,0.0,0.0,0.0,0.0,0.0,8056.37,2326.88,-5729.49
q1_graph1,589639,1840.81,647030.0,0.0,1177.72,4315.51,657.25,0.0,11748.4,12000.0,0.0,1570.79,9368.15,0.0,35981.5,922.08,22255.4,59222.4,0.0,17326.8,6259.14,6812.65,0.0,7992.34,256705.0,20611.7,25079.4,0.0,0.0,10936.9,4393.27,515336.4,648870.81,133534.41000000003
q1_graph1,591682,0.0,25608.4,0.0,622.49,946.77,2644.97,0.0,0.0,986.71,2053.41,218.03,678.13,712.92,0.0,0.0,4091.49,0.0,220.8,1180.7,3245.92,2019.74,0.0,943.81,6090.91,137.73,5662.73,806.75,1502.74,599.59,1694.31,37060.649999999994,25608.4,-11452.249999999993
q1_graph1,592414,0.0,49976.2,5471.99,1265.29,1107.68,725.17,0.0,2522.31,0.0,4573.48,576.89,0.0,720.36,5063.82,243.81,0.0,1441.09,483.1,5302.38,3137.79,2658.66,0.0,3429.01,0.0,0.0,0.0,0.0,0.0,1882.53,0.0,35133.369999999995,55448.189999999995,20314.82
q1_graph1,596193,0.0,7055.78,0.0,498.56,215.51,512.2,0.0,3200.76,0.0,80.41,25.88,0.0,0.0,0.0,5.5,740.74,5715.91,114.24,0.0,3494.46,0.0,0.0,0.0,1413.95,5373.2,0.0,505.63,0.0,762.62,0.0,22659.57,7055.78,-15603.79
q1_graph1,599057,1282.76,26766.3,2317.44,1671.82,607.33,5174.1,0.0,7222.34,1584.35,1013.67,50.84,937.43,0.0,4545.13,0.0,0.0,121.9,0.0,2235.21,151.14,1123.79,0.0,2716.78,0.0,3217.81,11194.7,147.47,0.0,0.0,2032.53,45748.34,30366.499999999996,-15381.84
q1_graph1,599063,75.86,19798.9,0.0,414.66,0.0,2708.54,0.0,3459.56,2061.29,1346.45,54.66,1307.49,0.0,960.36,0.0,0.0,554.65,0.0,1526.12,2085.13,0.0,1092.76,1443.58,3118.43,746.42,2267.03,507.66,0.0,581.21,2836.08,29072.08,19874.760000000002,-9197.32
q1_graph1,599956,4527.75,87411.8,0.0,1200.8,1734.92,3394.47,0.0,5658.37,11521.2,2612.14,1287.62,2378.96,3138.12,14199.5,0.0,33836.2,573.69,0.0,4308.22,5424.06,0.0,0.0,0.0,6039.55,4397.31,15128.2,0.0,0.0,4236.9,801.56,121871.79,91939.55,-29932.23999999999
q1_graph1,608827,0.0,143858.0,0.0,2378.6,1689.16,4951.15,0.0,2935.06,0.0,0.0,456.71,0.0,2111.52,15088.4,0.0,14153.4,0.0,385.87,8444.03,5362.15,1006.36,0.0,6192.98,19480.8,12677.5,21699.3,116.31,0.0,6393.29,0.0,125522.58999999998,143858.0,18335.410000000018
q1_graph1,616050,637.05,43606.4,0.0,510.26,824.91,821.76,0.0,2707.57,0.0,1136.81,142.08,540.85,0.0,9865.87,0.0,7832.08,0.0,0.0,2521.46,3407.94,4913.07,0.0,0.0,8076.13,1670.72,6218.94,360.95,0.0,0.0,1036.27,52587.66999999999,44243.450000000004,-8344.219999999987
q1_graph1,622296,0.0,36123.4,0.0,667.4,554.54,347.59,0.0,2446.33,3331.5,0.0,170.12,942.41,0.0,2796.56,164.15,965.86,750.85,0.0,2927.57,567.63,2215.35,0.0,1981.13,4579.47,19.92,5301.05,229.1,0.0,0.0,623.17,31581.699999999997,36123.4,4541.700000000004
q1_graph1,623295,467.09,11546.5,0.0,216.96,656.77,1553.68,0.0,1189.79,0.0,1906.6,182.71,0.0,691.26,699.55,0.0,0.0,325.56,0.0,1949.02,785.52,802.67,0.0,0.0,1131.2,1099.51,0.0,0.0,0.0,0.0,0.0,13190.8,12013.59,-1177.2099999999991
q1_graph1,629717,1091.21,21204.9,0.0,889.2,312.96,478.91,0.0,1856.92,0.0,654.51,73.2,0.0,0.0,2015.43,0.0,4168.46,1563.82,245.42,2726.24,2575.65,0.0,0.0,2484.21,843.46,296.54,4249.15,281.98,0.0,192.93,0.0,25908.99,22296.11,-3612.880000000001
q1_graph1,632150,489.09,28528.2,0.0,790.06,658.42,1302.15,0.0,822.59,0.0,1608.67,303.25,0.0,0.0,0.0,0.0,0.0,0.0,915.47,2231.39,1224.3,1996.2,0.0,1118.52,3720.79,803.32,4811.33,0.0,0.0,0.0,0.0,22306.46,29017.29,6710.830000000002
q1_graph1,635665,1388.78,30019.9,0.0,1448.59,0.0,4052.61,0.0,5382.42,0.0,0.0,39.34,0.0,377.01,2739.08,0.0,34041.9,3826.62,698.17,0.0,4378.48,0.0,0.0,0.0,5472.26,461.46,0.0,896.83,197.19,1576.24,0.0,65588.20000000001,31408.68,-34179.52000000001
q1_graph1,635706,23825.6,619963.0,0.0,2812.2,1827.44,1568.36,0.0,5502.61,0.0,0.0,707.75,0.0,179.25,19509.3,419.71,12879.0,0.0,6537.83,8451.08,1346.38,0.0,0.0,0.0,288399.0,0.0,32074.0,0.0,0.0,7422.71,0.0,389636.62000000005,643788.6,254151.97999999992
q1_graph1,636961,0.0,5807.39,3209.39,2423.74,587.83,410.44,1323.6,2976.51,0.0,3215.16,884.99,0.0,274.65,2846.66,559.3,0.0,450.03,76.17,0.46,375.3,917.55,0.0,0.0,0.0,2524.68,3939.83,0.0,0.0,5236.45,0.0,29023.350000000002,9016.78,-20006.57
q1_graph1,640464,1163.1,6292.61,1089.87,2318.11,1136.42,1259.0,0.0,0.0,0.0,899.28,493.08,0.0,20.21,3406.61,426.58,0.0,7905.27,129.52,162.29,5720.56,1315.33,0.0,4161.23,0.0,3780.69,0.0,422.5,0.0,0.0,0.0,33556.68000000001,8545.579999999998,-25011.10000000001
q1_graph1,654763,999.02,22959.0,0.0,613.32,511.93,81.33,566.76,1933.55,0.0,0.0,399.58,0.0,1069.28,1941.65,0.0,568.9,0.0,169.61,2217.83,3795.32,1643.03,0.0,0.0,319.93,1537.07,4412.63,431.16,0.0,50.58,0.0,22263.46,23958.02,1694.5600000000013
q1_graph1,654981,304.79,10753.8,0.0,1805.45,655.88,732.43,0.0,586.73,0.0,2434.08,558.05,0.0,244.2,1787.56,499.85,0.0,5306.54,386.83,0.0,1269.47,986.55,0.0,0.0,2151.07,0.0,0.0,620.87,0.0,0.0,0.0,20025.559999999998,11058.59,-8966.969999999998
q1_graph2,464563,0.0,40893.3,0.0,499.73,275.05,171.99,0.0,2106.71,2362.89,2302.42,241.36,107.87,419.41,3770.63,5.5,5816.3,2432.58,0.0,824.99,1287.29,1479.93,832.72,0.0,5338.67,1513.56,6057.31,328.49,0.0,498.09,663.04,39336.53,40893.3,1556.770000000004
q1_graph2,471663,791.5,14177.3,0.0,125.72,235.75,1616.43,0.0,2341.83,0.0,0.0,359.29,0.0,0.0,68.49,0.0,67.22,382.24,0.0,1158.45,2279.98,372.92,0.0,589.65,1252.03,194.61,0.0,401.77,0.0,403.43,0.0,11849.810000000001,14968.8,3118.989999999998
q1_graph2,472522,0.0,5748.55,1699.98,72.22,622.66,152.82,0.0,3103.23,0.0,0.0,149.26,0.0,0.0,518.51,222.45,693.4,0.0,436.19,132.09,751.42,233.23,627.2,2178.34,0.0,1990.33,2352.91,0.0,0.0,1014.78,0.0,15251.039999999999,7448.530000000001,-7802.509999999998
q1_graph2,475811,277.92,4111.4,966.1,434.28,5.48,121.89,0.0,0.0,0.0,1201.2,119.59,0.0,265.86,0.0,0.0,2365.02,0.0,0.0,228.28,316.24,102.41,0.0,723.1,0.0,0.0,0.0,116.78,0.0,39.47,0.0,6039.6,5355.42,-684.1800000000003
q1_graph2,477138,0.0,5714.39,258.62,298.45,185.98,330.35,0.0,0.0,0.0,420.67,323.7,0.0,194.3,245.84,39.66,0.0,1048.98,309.72,0.0,348.78,957.56,0.0,777.37,0.0,0.0,0.0,0.0,0.0,0.0,0.0,5481.360000000001,5973.01,491.64999999999964
q1_graph2,488928,0.0,20518.6,164.14,355.15,320.76,226.36,618.86,1713.46,2655.89,1681.76,77.62,1106.18,25.88,4060.69,0.0,1944.15,6.5,532.08,0.0,1888.31,0.0,773.91,208.72,0.0,748.17,7091.58,456.15,0.0,0.0,1199.93,27692.11,20682.739999999998,-7009.370000000003
q1_graph2,499312,691.62,19434.5,0.0,611.34,596.25,206.09,0.0,1661.06,1127.74,848.71,303.66,1044.11,210.09,0.0,103.71,1313.85,498.96,0.0,0.0,1652.08,0.0,0.0,722.75,2609.85,17.46,3749.53,123.72,0.0,644.66,1801.64,19847.26,20126.12,278.8600000000006
q1_graph2,501047,0.0,10817.2,1016.19,591.71,485.28,1144.8,629.48,2476.78,0.0,2970.58,137.84,0.0,0.0,929.07,0.0,4418.43,0.0,282.3,251.56,2671.77,826.02,0.0,737.78,0.0,0.0,0.0,26.77,0.0,269.63,0.0,18849.800000000003,11833.390000000001,-7016.410000000002
q1_graph2,505965,0.0,9945.54,0.0,227.65,322.05,126.48,0.0,874.89,1221.26,515.71,79.82,271.34,572.58,3171.42,61.62,1428.67,489.12,141.3,0.0,82.96,78.42,0.0,0.0,1141.88,647.87,3348.11,0.0,0.0,0.0,881.15,15684.300000000001,9945.54,-5738.76
q1_graph2,515794,153.68,1258.39,0.0,223.74,0.0,29.94,0.0,0.0,460.23,658.22,81.8,584.6,0.0,135.71,8.05,0.0,117.13,216.58,458.25,891.28,270.56,0.0,0.0,377.6,146.35,1596.67,160.57,0.0,262.17,180.64,6860.089999999999,1412.0700000000002,-5448.019999999999
q1_graph2,515799,0.0,5150.48,0.0,544.86,349.45,475.94,0.0,2272.0,0.0,683.75,129.81,0.0,0.0,820.48,0.0,0.0,0.0,32.88,1011.71,446.02,0.0,0.0,683.83,688.32,3746.87,0.0,144.34,0.0,0.0,0.0,12030.26,5150.48,-6879.780000000001
q1_graph2,527597,0.0,18210.2,0.0,680.91,755.8,820.07,0.0,761.27,1609.38,406.02,202.12,401.15,385.1,2346.63,0.0,0.0,273.8,167.01,0.0,548.87,352.52,0.0,0.0,1277.46,273.83,3860.15,207.22,440.68,412.29,981.94,17164.22,18210.2,1045.9799999999996
q1_graph2,533024,2270.29,34513.1,0.0,748.85,636.8,1598.44,0.0,2764.54,0.0,3030.47,122.51,0.0,838.17,3896.34,0.0,221.07,1271.14,629.02,0.0,1087.88,894.9,0.0,0.0,2385.08,1421.09,4800.15,622.46,282.64,1483.2,0.0,28734.75,36783.39,8048.639999999999
q1_graph2,533094,26.94,25708.9,0.0,284.32,242.12,1348.11,0.0,2402.81,2267.78,1242.83,370.94,285.79,497.09,1613.63,78.91,0.0,1395.87,0.0,0.0,782.5,0.0,0.0,1332.94,5654.7,0.0,3402.76,110.68,318.41,148.27,924.08,24704.54,25735.84,1031.2999999999993
q1_graph2,533141,213.04,12388.0,1499.45,179.11,558.24,2263.32,0.0,2727.48,0.0,0.0,212.89,0.0,203.9,0.0,105.77,0.0,0.0,85.73,1199.16,886.18,1197.33,0.0,757.71,0.0,2176.3,0.0,362.27,0.0,292.42,0.0,13207.81,14100.490000000002,892.6800000000021
q1_graph2,534034,0.0,6909.84,0.0,217.43,331.89,359.29,324.44,519.34,0.0,7.09,98.45,0.0,0.0,98.42,37.46,0.0,0.0,24.66,813.98,923.82,243.16,0.0,0.0,383.24,543.76,0.0,159.21,0.0,196.86,0.0,5282.5,6909.84,1627.3400000000001
q1_graph2,534449,0.0,2249.89,0.0,813.87,322.32,198.29,0.0,2109.64,0.0,0.0,216.81,0.0,10.19,0.0,0.0,395.95,0.0,0.0,665.7,3004.24,605.53,0.0,7.18,285.36,0.0,1185.68,0.0,0.0,0.0,0.0,9820.759999999998,2249.89,-7570.869999999999
q1_graph2,536953,0.0,6721.34,617.0,972.12,140.95,1534.03,0.0,1382.9,0.0,730.47,100.1,0.0,129.36,457.96,0.0,1970.27,1151.36,49.27,1330.24,1530.76,404.72,0.0,684.01,0.0,0.0,0.0,423.04,0.0,0.0,0.0,12991.56,7338.34,-5653.219999999999
q1_graph2,541017,289.46,28827.5,0.0,635.57,820.82,642.78,823.05,0.0,2432.0,1935.69,276.94,21.36,0.0,6094.45,180.92,8084.37,195.49,0.0,3067.24,3947.64,3866.28,729.14,3532.11,3517.98,1292.87,3583.08,431.03,0.0,484.08,1529.05,48123.94,29116.96,-19006.980000000003
q1_graph2,544615,0.0,14125.6,0.0,138.81,292.64,964.83,0.0,2483.79,0.0,1859.23,185.85,0.0,441.68,1209.5,133.2,0.0,0.0,171.51,497.49,4226.85,909.43,0.0,944.79,687.54,16.56,0.0,458.4,0.0,29.26,0.0,15651.359999999999,14125.6,-1525.7599999999984
q1_graph2,546478,652.46,8367.13,1156.32,71.09,318.2,960.31,0.0,1607.2,0.0,456.72,47.57,0.0,0.0,1323.35,13.42,9595.78,0.0,0.0,1477.07,634.8,0.0,0.0,494.24,0.0,600.97,4391.67,234.6,0.0,37.01,0.0,22264.0,10175.91,-12088.09
q1_graph2,546626,0.0,13128.4,0.0,653.41,224.34,1389.58,0.0,538.93,0.0,0.0,422.9,0.0,0.0,1910.13,0.0,0.0,459.16,296.4,843.58,619.61,431.55,0.0,0.0,1430.0,1403.88,0.0,316.14,0.0,507.64,0.0,11447.25,13128.4,1681.1499999999996
q1_graph2,548320,601.85,13557.0,0.0,340.62,500.35,1123.42,479.23,488.52,333.79,791.93,64.15,477.22,357.11,878.46,139.89,3982.11,0.0,0.0,0.0,1531.39,13.93,448.03,520.35,1071.33,575.08,1270.54,115.48,0.0,292.58,156.49,15952.0,14158.85,-1793.1499999999996
q1_graph2,552439,244.14,13256.9,0.0,264.21,407.88,229.16,0.0,1827.65,0.0,365.46,241.27,0.0,212.58,862.4,0.0,0.0,485.44,0.0,1173.18,1949.1,738.1,0.0,603.48,742.59,35.23,654.53,384.62,0.0,433.68,0.0,11610.560000000001,13501.039999999999,1890.4799999999977
q1_graph2,563211,2700.9,33865.0,0.0,325.71,801.11,2758.33,0.0,2401.99,0.0,2739.3,96.34,464.86,855.53,5301.34,0.0,855.88,2947.72,908.48,1121.43,2348.19,820.14,0.0,0.0,6505.41,0.0,4267.76,212.56,0.0,1218.25,286.6,37236.93,36565.9,-671.0299999999988
q1_graph2,563584,0.0,11708.6,0.0,551.66,88.39,795.47,347.88,429.92,1691.94,360.49,233.94,699.98,489.58,0.0,10.67,319.5,668.48,0.0,693.99,483.37,0.0,0.0,637.9,939.88,0.0,2108.03,0.0,0.0,544.88,228.24,12324.189999999999,11708.6,-615.5899999999983
q1_graph2,572413,0.0,12652.9,0.0,295.58,187.96,252.47,0.0,228.08,390.65,0.0,73.26,428.32,0.0,1743.69,0.0,2155.42,0.0,187.52,0.0,754.28,447.6,0.0,426.93,98.62,92.26,1983.14,135.67,88.82,7.71,416.46,10394.439999999999,12652.9,2258.460000000001
q1_graph2,573870,356.61,3019.34,0.0,620.7,257.91,415.5,0.0,746.46,0.0,639.76,241.38,0.0,20.72,0.0,0.0,1170.2,1416.17,99.74,0.0,414.28,481.03,0.0,435.73,351.06,0.0,0.0,274.71,0.0,184.64,0.0,7769.990000000001,3375.9500000000003,-4394.040000000001
q1_graph2,582851,0.0,18671.5,0.0,592.99,274.5,945.16,0.0,1331.52,1548.47,0.0,59.25,1010.5,687.27,2519.64,0.0,3336.95,26.02,674.77,1765.12,918.16,1318.01,0.0,0.0,4056.11,0.0,5865.03,629.85,339.98,650.69,127.16,28677.149999999994,18671.5,-10005.649999999994
q1_graph2,585212,0.0,7023.93,0.0,213.36,237.14,196.97,0.0,217.05,0.0,0.0,91.47,0.0,0.0,313.91,0.0,0.0,556.72,23.93,449.99,1168.03,470.65,0.0,512.49,116.19,233.26,0.0,53.7,0.0,203.52,0.0,5058.38,7023.93,1965.5500000000002
q1_graph2,590265,0.0,8856.87,752.56,856.28,494.53,1069.34,0.0,411.14,0.0,1117.11,279.16,0.0,489.27,384.7,0.0,12740.8,438.82,155.39,276.79,643.53,0.0,0.0,487.37,0.0,1592.1,0.0,141.13,0.0,357.9,0.0,21935.36,9609.43,-12325.93
q1_graph2,595057,167.12,5705.36,0.0,337.97,272.56,855.02,206.77,913.8,0.0,0.0,99.71,0.0,0.0,97.02,0.0,4289.16,0.0,28.62,561.93,419.67,0.0,0.0,0.0,863.35,350.13,1361.75,129.16,0.0,273.79,0.0,11060.410000000002,5872.48,-5187.930000000002
q1_graph2,599441,0.0,820.43,0.0,173.66,0.17,166.02,0.0,305.08,0.0,440.57,20.01,0.0,41.42,61.38,19.66,0.0,0.0,63.91,149.8,876.96,68.27,0.0,277.77,465.15,107.62,0.0,38.91,0.0,0.0,0.0,3276.36,820.43,-2455.9300000000003
q1_graph2,602912,0.0,18351.2,0.0,401.38,279.5,272.54,0.0,1079.16,2191.45,428.19,63.04,744.35,519.27,943.0,9.53,0.0,0.0,0.0,4242.5,1754.04,0.0,0.0,729.65,1776.52,0.0,1941.85,0.0,0.0,352.81,543.7,18272.480000000003,18351.2,78.71999999999753
q1_graph2,604021,113.92,7756.23,0.0,193.22,209.22,1234.6,0.0,176.53,881.17,0.0,134.84,561.5,0.0,0.0,84.22,1236.75,31.35,132.22,0.0,355.82,421.43,0.0,234.74,473.95,658.78,2258.44,92.79,0.0,0.0,766.83,10138.4,7870.15,-2268.25
q1_graph2,606043,22.11,17608.3,0.0,288.2,412.72,1067.92,0.0,0.0,1829.16,993.32,52.3,499.47,0.0,373.74,76.04,6003.36,804.23,0.0,1457.54,520.41,639.26,0.0,260.21,2296.04,0.0,2361.75,112.26,0.0,0.0,210.77,20258.7,17630.41,-2628.290000000001
q1_graph2,629627,336.04,6596.71,0.0,331.29,0.0,854.79,0.0,1001.63,0.0,485.15,208.98,0.0,40.21,698.93,41.97,1576.9,0.0,79.87,554.9,701.57,54.06,0.0,0.0,822.54,0.0,0.0,0.0,0.0,372.04,0.0,7824.83,6932.75,-892.0799999999999
q1_graph2,634181,0.0,15174.5,0.0,267.63,469.3,228.04,0.0,1164.48,2233.87,912.34,184.39,800.36,0.0,0.0,47.31,2201.95,1370.33,65.04,729.69,299.54,32.69,0.0,0.0,3565.2,0.0,2609.07,402.65,0.0,354.0,811.15,18749.03,15174.5,-3574.529999999999
q1_graph2,639051,8012.8,196567.0,0.0,504.52,628.37,2175.3,0.0,1839.38,0.0,0.0,131.53,0.0,74.73,13536.0,0.0,11164.1,3604.06,1281.5,3250.02,363.71,4821.65,0.0,0.0,47680.0,0.0,9218.86,0.0,0.0,3029.73,0.0,103303.45999999999,204579.8,101276.34
q1_graph2,645210,437.54,29973.6,0.0,713.63,550.46,427.59,0.0,1135.98,0.0,1223.88,278.77,0.0,418.13,0.0,0.0,6687.72,157.68,37.94,355.15,1592.06,311.95,0.0,2090.93,1480.23,0.0,4792.16,1024.9,0.0,408.57,0.0,23687.73,30411.14,6723.41
q1_graph2,653390,724.17,10042.3,0.0,431.14,99.86,1763.26,0.0,1492.32,0.0,948.67,358.62,0.0,548.16,127.56,164.8,0.0,336.03,415.63,890.84,1064.83,331.71,509.25,113.71,31.08,2228.22,0.0,0.0,0.0,251.39,0.0,12107.079999999998,10766.47,-1340.6099999999988
q1_graph2,656156,0.0,13710.2,0.0,543.68,335.87,315.55,0.0,768.46,0.0,412.75,20.87,0.0,362.16,1205.77,17.64,4849.31,398.58,70.98,1291.5,719.01,557.16,0.0,879.41,1089.36,0.0,0.0,435.05,0.0,369.95,0.0,14643.060000000001,13710.2,-932.8600000000006
q1_graph3,466976,0.0,38019.8,0.0,2249.28,576.32,7146.89,0.0,5169.73,0.0,3202.79,640.95,0.0,848.82,0.0,168.32,5749.62,3963.81,0.0,3435.72,7533.16,0.0,0.0,0.0,248.9,3816.99,0.0,723.89,0.0,1652.08,0.0,47127.27,38019.8,-9107.469999999994
q1_graph3,478754,197.45,29465.3,0.0,546.44,1232.64,2312.74,0.0,0.0,0.0,904.42,334.0,0.0,0.0,0.0,132.51,0.0,179.32,0.0,1763.76,1567.57,0.0,0.0,671.78,2277.9,611.39,6376.02,105.23,0.0,885.78,0.0,19901.5,29662.75,9761.25
q1_graph3,492701,0.0,39167.1,0.0,1819.6,1433.99,612.6,1399.05,0.0,4744.49,2261.47,170.12,6111.55,0.0,0.0,251.9,16279.8,0.0,0.0,4463.25,8665.54,3006.51,0.0,3052.63,4436.3,0.0,9335.04,532.37,0.0,2193.96,2367.25,73137.42,39167.1,-33970.32
q1_graph3,493094,0.0,79413.8,0.0,1793.02,1723.73,3725.96,0.0,3163.52,0.0,10214.8,1159.64,0.0,0.0,6315.32,616.21,0.0,78.87,1173.68,4391.21,2799.86,0.0,0.0,1631.93,3582.65,2441.93,10157.6,0.0,0.0,4803.92,0.0,59773.85,79413.8,19639.950000000004
q1_graph3,493652,735.72,15445.8,0.0,156.76,336.29,1651.44,0.0,1132.0,0.0,1011.58,142.76,0.0,304.65,2055.58,38.67,8492.89,120.27,0.0,0.0,1299.03,214.43,0.0,284.93,1018.22,85.67,0.0,78.12,0.0,490.95,0.0,18914.239999999998,16181.519999999999,-2732.7199999999993
q1_graph3,500813,0.0,26707.8,0.0,340.32,243.26,1413.05,0.0,1552.37,1208.09,2511.22,162.65,1861.41,635.44,3517.64,161.16,7926.69,2066.72,249.16,0.0,703.66,0.0,0.0,708.12,2892.02,930.98,3233.06,285.6,185.98,1122.43,1241.29,35152.32,26707.8,-8444.52
q1_graph3,508898,2664.62,50214.1,0.0,624.98,1068.85,1245.58,1437.55,3744.72,0.0,3035.49,73.45,0.0,1414.3,5377.2,0.0,19974.0,0.0,384.0,2951.76,2939.52,1272.62,0.0,0.0,13481.8,1053.33,7216.68,0.0,0.0,187.12,0.0,67482.95000000001,52878.72,-14604.23000000001
q1_graph3,516236,6908.27,159997.0,0.0,1904.74,1929.22,2489.02,0.0,2574.66,0.0,2618.5,713.06,0.0,5302.1,32142.3,280.38,41464.4,0.0,8956.1,6938.77,1406.81,11185.4,0.0,4836.31,146800.0,47400.0,39291.8,353.31,0.0,0.0,0.0,358586.88,166905.27,-191681.61000000002
q1_graph3,520084,2024.7,129601.0,0.0,994.25,1531.51,530.03,0.0,16249.6,11179.5,5343.67,522.39,3978.84,2262.18,17907.0,0.0,30415.8,8845.36,2588.29,15080.3,2315.62,13260.7,0.0,0.0,20358.5,0.0,10072.2,2580.06,1761.31,2230.88,2347.91,172355.9,131625.7,-40730.19999999998
q1_graph3,529433,1284.37,121408.0,0.0,1597.54,2716.27,6453.51,0.0,210.5,10862.7,5167.03,1415.99,4349.74,460.34,6540.34,0.0,15821.9,8060.6,2514.63,3143.13,1812.17,0.0,3419.82,4385.38,13393.6,6900.2,13854.7,1017.67,3538.33,684.27,2158.6,120478.96,122692.37,2213.409999999989
q1_graph3,536951,0.0,5234.64,0.0,200.63,620.27,221.54,1252.81,3296.54,0.0,475.36,507.47,0.0,421.71,4019.67,0.0,4620.27,2552.28,394.63,449.32,1391.04,954.38,0.0,2141.56,1187.43,0.0,0.0,0.0,0.0,1414.94,0.0,26121.850000000002,5234.64,-20887.210000000003
q1_graph3,538892,612.53,7866.03,1256.32,206.85,411.67,397.53,0.0,0.0,0.0,318.53,66.56,0.0,115.09,804.6,0.0,2011.04,2087.94,287.96,1336.5,2929.23,0.0,0.0,0.0,0.0,7084.51,0.0,232.76,0.0,1700.68,0.0,19991.45,9734.88,-10256.570000000002
q1_graph3,541619,0.0,4553.79,0.0,218.46,231.44,1085.42,0.0,574.32,713.5,263.52,75.27,444.32,92.3,26.11,4.93,2793.29,16.34,125.82,577.37,208.62,588.78,0.0,669.26,72.99,283.97,1088.77,85.13,0.0,21.65,146.4,10407.98,4553.79,-5854.19
q1_graph3,542965,0.0,14865.8,0.0,737.83,177.36,310.96,0.0,0.0,0.0,1100.57,149.53,0.0,136.94,1031.52,210.09,8413.6,0.0,613.8,232.68,3375.37,1637.51,0.0,1420.57,804.21,798.15,0.0,373.32,0.0,415.8,0.0,21939.81,14865.8,-7074.010000000002
q1_graph3,544074,173.45,5639.96,0.0,259.1,132.61,592.22,0.0,567.43,0.0,382.88,139.33,0.0,114.21,1003.13,0.0,2345.31,73.43,18.12,233.7,370.86,376.4,0.0,447.16,243.68,0.0,0.0,4.52,0.0,0.0,0.0,7304.09,5813.41,-1490.6800000000003
q1_graph3,568284,0.0,7039.65,0.0,267.45,701.36,3084.78,0.0,2456.28,0.0,584.34,285.7,0.0,141.32,1147.37,92.37,3861.34,279.83,0.0,369.91,3054.32,1772.19,0.0,955.54,164.3,817.27,5053.94,439.2,0.0,818.09,0.0,26346.899999999998,7039.65,-19307.25
q1_graph3,572391,323.44,9063.18,1472.17,330.92,288.38,787.03,0.0,1960.88,0.0,0.0,377.58,0.0,315.44,593.37,0.0,7690.99,619.38,140.14,1117.58,642.73,0.0,0.0,253.64,0.0,3433.52,0.0,214.29,0.0,0.0,0.0,18765.87,10858.79,-7907.079999999998
q1_graph3,575295,0.0,25163.8,0.0,173.64,429.42,2150.02,0.0,0.0,0.0,1211.81,516.47,0.0,277.44,0.0,60.24,5529.22,2117.18,0.0,0.0,1609.94,1191.34,0.0,2.91,1213.18,1638.18,1131.09,281.97,0.0,280.94,0.0,19814.989999999998,25163.8,5348.810000000001
q1_graph3,578531,535.49,44432.6,0.0,564.37,604.91,979.19,794.95,2131.32,0.0,1875.25,112.79,0.0,951.82,4032.44,0.0,3994.14,4967.63,765.2,1464.95,3687.96,0.0,1122.89,94.12,6814.56,1367.71,5216.01,779.39,127.15,842.49,0.0,43291.24,44968.09,1676.8499999999985
q1_graph3,584736,0.0,134196.0,0.0,2778.19,534.07,8001.41,0.0,5190.51,0.0,6214.69,494.71,0.0,0.0,26846.9,117.94,0.0,0.0,1500.31,12526.9,7045.08,15399.5,0.0,535.85,11520.6,15668.2,19167.7,1100.5,0.0,6650.38,0.0,141293.44,134196.0,-7097.440000000002
q1_graph3,604113,115.29,2933.47,154.55,698.03,233.46,435.11,0.0,449.99,0.0,323.11,153.88,0.0,539.3,102.25,0.0,0.0,0.0,53.94,0.0,926.2,0.0,0.0,437.88,0.0,796.54,0.0,1.53,0.0,402.74,0.0,5553.959999999999,3203.31,-2350.649999999999
q1_graph3,607386,915.56,67455.8,601.22,174.81,2396.91,3632.97,0.0,6084.53,0.0,4129.17,352.43,0.0,170.71,3985.69,0.0,18698.1,0.0,790.97,622.79,5638.62,618.59,0.0,0.0,0.0,2016.27,0.0,347.93,0.0,2377.76,0.0,52038.25000000001,68972.58,16934.329999999994
q1_graph3,610497,0.0,3704.63,0.0,516.88,382.9,91.95,0.0,1626.32,0.0,191.06,164.35,0.0,476.32,2020.36,0.0,3200.7,0.0,180.33,299.92,707.62,0.0,0.0,365.16,119.2,0.0,961.13,196.78,271.92,0.0,0.0,11772.9,3704.63,-8068.2699999999995
q1_graph3,614761,2505.35,24662.9,0.0,663.33,584.32,2501.87,0.0,1698.46,0.0,3508.3,11.82,0.0,425.54,0.0,0.0,5740.1,847.85,17.14,0.0,1026.74,0.0,0.0,460.73,2556.09,0.0,4471.64,489.33,0.0,532.11,0.0,25535.370000000003,27168.25,1632.8799999999974
q1_graph3,628223,1129.49,86251.6,0.0,978.47,1096.37,6636.04,2582.67,7443.2,0.0,4632.3,576.14,0.0,948.57,9336.13,304.78,19153.4,0.0,30.83,0.0,8384.06,3739.59,1846.53,0.0,4485.42,1117.73,8091.25,520.28,0.0,4394.98,0.0,86298.74,87381.09000000001,1082.3500000000058
q1_graph3,657076,0.0,36157.5,0.0,595.71,458.72,242.37,0.0,180.6,0.0,1922.91,384.3,0.0,530.82,0.0,0.0,7256.03,0.0,501.28,1950.69,2596.98,0.0,0.0,1384.47,5823.53,1257.76,4887.83,0.0,983.51,719.92,0.0,31677.429999999997,36157.5,4480.070000000003
q1_graph4,464579,0.0,20352.5,0.0,1363.77,1294.57,1737.76,0.0,7921.31,0.0,5666.86,1574.64,5352.39,741.67,1900.95,119.85,5627.55,1895.87,0.0,0.0,9000.7,1840.03,0.0,0.0,6540.04,0.0,0.0,950.28,0.0,1267.62,4204.22,59000.08000000001,20352.5,-38647.58000000001
q1_graph4,477374,0.0,13703.4,0.0,330.65,56.24,710.23,0.0,2295.07,0.0,897.96,272.05,715.96,34.71,1045.51,64.76,333.32,0.0,24.56,191.21,692.91,1136.23,0.0,0.0,1198.06,272.08,0.0,0.0,146.83,180.66,622.83,11221.83,13703.4,2481.5699999999997
q1_graph4,482012,0.0,18450.2,0.0,369.53,696.89,3734.96,0.0,2688.4,0.0,0.0,283.45,0.0,114.8,0.0,41.22,6672.05,988.82,512.19,0.0,1267.93,133.42,0.0,772.3,2516.93,0.0,5124.17,100.2,0.0,447.06,0.0,26464.32,18450.2,-8014.119999999999
q1_graph4,483005,0.0,4521.72,415.16,424.78,265.53,269.26,309.77,839.07,0.0,147.51,273.13,562.84,339.53,743.14,0.0,1337.98,2077.39,576.65,0.0,1796.07,138.96,0.0,578.05,0.0,3561.76,0.0,0.0,304.09,856.97,950.07,16352.55,4936.88,-11415.669999999998
q1_graph4,492850,630.62,19821.5,0.0,380.93,355.75,311.58,0.0,1845.5,500.25,344.5,49.18,1243.11,392.32,1663.24,136.34,10152.6,0.0,512.35,2215.63,1598.86,15.21,0.0,0.0,1039.37,0.0,0.0,0.0,0.0,0.0,734.04,23490.760000000002,20452.12,-3038.640000000003
q1_graph4,516873,0.0,67163.2,0.0,875.9,1033.21,1459.69,0.0,2835.05,0.0,9585.05,364.94,1367.23,552.41,0.0,0.0,10798.3,4771.52,3966.64,4952.46,2110.77,0.0,0.0,3586.36,97608.4,31264.8,0.0,314.77,1118.65,3838.17,3068.77,185473.09,67163.2,-118309.89
q1_graph4,536906,115.42,2614.97,0.0,165.42,392.75,158.92,0.0,0.0,0.0,0.0,173.56,0.0,278.73,1525.27,0.0,0.0,3283.68,0.0,852.11,309.24,0.0,351.2,166.04,97.12,0.0,1844.96,334.44,0.0,724.28,0.0,10657.720000000001,2730.39,-7927.330000000002
q1_graph4,541907,357.94,7219.68,7.79,195.12,206.59,43.82,0.0,435.81,0.0,0.0,3.66,0.0,245.0,1097.67,0.0,0.0,0.0,371.91,461.43,733.14,465.34,332.15,492.28,0.0,0.0,2670.87,114.54,0.0,120.76,0.0,7990.09,7585.41,-404.6800000000003
q1_graph4,544636,777.87,38582.0,0.0,408.08,585.1,362.15,826.9,1866.86,0.0,1823.33,157.01,0.0,482.61,11603.1,78.41,1166.13,1345.64,266.98,0.0,781.41,3506.07,0.0,1135.68,7595.77,0.0,6870.03,31.31,648.85,0.0,0.0,41541.42,39359.87,-2181.5499999999956
q1_graph4,546593,1878.82,7720.52,0.0,1042.23,679.18,2378.14,0.0,6321.04,0.0,0.0,667.15,0.0,1102.59,4241.32,0.0,0.0,5961.09,1259.95,4144.21,1011.45,1277.66,0.0,0.0,1986.66,0.0,9245.31,0.0,0.0,1527.56,0.0,42845.53999999999,9599.34,-33246.2
q1_graph4,557269,0.0,4724.3,35.87,203.94,103.21,85.76,0.0,1070.35,730.33,478.86,49.47,655.13,121.83,422.1,0.0,0.0,0.0,226.22,0.0,603.25,326.47,114.05,0.0,0.0,1351.44,0.0,0.0,0.0,0.0,517.84,7060.25,4760.17,-2300.08
q1_graph4,566580,19.13,3158.36,0.0,81.43,49.59,584.72,0.0,0.0,0.0,2275.25,103.7,0.0,0.0,0.0,0.0,3687.2,1649.44,0.0,0.0,1583.24,0.0,0.0,1188.57,106.88,788.91,1740.54,221.39,132.44,0.0,0.0,14193.300000000001,3177.4900000000002,-11015.810000000001
q1_graph4,569329,498.36,9478.52,0.0,615.23,1168.89,2165.12,0.0,1790.61,0.0,2.39,775.94,115.79,0.0,4210.97,0.0,14649.5,2970.54,1021.95,0.0,3991.31,720.96,0.0,609.94,1452.84,0.0,0.0,0.0,0.0,0.0,2061.71,38323.69,9976.880000000001,-28346.81
q1_graph4,571369,7855.5,141744.0,0.0,1403.61,2069.84,2302.65,0.0,13236.0,0.0,0.0,580.13,4328.33,0.0,0.0,1469.8,39565.6,1752.47,0.0,0.0,6710.84,4033.83,0.0,6237.13,25968.1,4412.93,0.0,1665.05,1746.28,2505.02,5371.76,125359.36999999998,149599.5,24240.13000000002
q1_graph4,579305,1119.39,27376.1,0.0,902.26,1704.0,80.93,0.0,0.0,0.0,2968.37,709.81,1610.81,181.37,2358.23,271.1,17251.3,0.0,756.21,2187.16,5024.56,4096.56,0.0,3014.6,874.84,14454.6,0.0,301.26,0.0,3210.12,3653.69,65611.78,28495.489999999998,-37116.29
q1_graph4,580798,792.79,8773.28,1502.52,4.44,146.95,713.31,0.0,1514.53,0.0,17.58,48.73,426.21,168.32,109.02,0.0,4659.92,1975.82,262.83,0.0,21.11,0.0,0.0,1334.54,0.0,0.0,0.0,0.0,0.0,187.42,993.98,12584.71,11068.59,-1516.119999999999
q1_graph4,584457,326.38,4963.3,0.0,301.58,0.0,127.35,0.0,1347.57,0.0,1285.34,61.59,1488.77,111.43,1088.44,123.98,2645.89,0.0,53.76,2064.53,137.73,31.71,0.0,843.95,736.57,0.0,0.0,0.0,383.6,0.0,594.22,13428.01,5289.68,-8138.33
q1_graph4,585606,563.88,3906.88,0.0,705.58,56.59,1396.83,636.46,1002.26,0.0,0.0,25.63,1624.18,317.77,0.0,67.06,6110.68,0.0,0.0,531.78,979.7,611.41,0.0,1133.39,426.85,4660.12,0.0,61.78,0.0,0.0,395.03,20743.1,4470.76,-16272.339999999998
q1_graph4,588172,450.54,4410.78,0.0,198.14,209.5,119.39,0.0,0.0,0.0,706.54,187.26,0.0,18.64,509.54,14.11,0.0,413.23,0.0,0.0,594.06,0.0,0.0,331.34,661.16,224.71,1670.19,188.27,0.0,177.9,0.0,6223.98,4861.32,-1362.6599999999999
q1_graph4,601496,0.0,8395.12,0.0,466.44,513.06,1078.45,0.0,1997.14,0.0,1547.32,430.54,0.0,111.51,483.42,66.41,1817.39,468.27,391.11,875.81,813.91,331.23,400.64,1009.57,206.88,0.0,4789.41,47.31,0.0,168.6,0.0,18014.42,8395.12,-9619.299999999997
q1_graph4,628320,369.59,10065.5,0.0,284.91,235.4,335.43,0.0,2076.09,1444.23,940.97,162.71,48.44,151.93,414.14,64.94,1687.09,597.67,430.79,0.0,1626.88,964.22,0.0,1019.65,356.86,0.0,0.0,208.23,198.72,669.5,422.27,14341.070000000002,10435.09,-3905.9800000000014
q1_graph4,636721,32.96,13157.7,486.33,569.33,400.82,983.64,0.0,1518.22,0.0,0.0,240.67,0.0,0.0,646.98,149.78,0.0,0.0,0.0,2841.47,1862.42,433.38,0.0,1235.58,0.0,796.16,1639.51,44.14,0.0,252.2,0.0,13614.3,13676.99,62.69000000000051
q1_graph4,639642,850.33,17549.4,0.0,782.44,553.99,1451.89,0.0,2033.67,907.2,1965.25,355.3,854.36,0.0,3262.45,75.2,3458.5,419.38,277.86,0.0,692.16,1346.99,0.0,0.0,1983.78,450.07,0.0,8.34,0.0,1379.15,1415.71,23673.690000000002,18399.730000000003,-5273.959999999999
q1_graph4,655963,2502.66,109907.0,0.0,1515.98,3416.1,2511.28,0.0,0.0,0.0,5185.15,905.62,0.0,0.0,7517.28,524.95,15436.2,4425.31,3230.1,4569.15,7064.27,0.0,0.0,1483.75,15948.0,3952.68,23697.1,1960.36,296.85,3670.14,0.0,107310.27,112409.66,5099.389999999999
q1_graph4,657526,0.0,37449.4,0.0,649.81,377.67,417.98,864.13,2152.02,3697.33,0.0,102.03,432.71,896.12,6893.61,0.0,0.0,1444.46,2708.62,6387.94,1237.39,984.37,0.0,691.57,7935.6,317.61,0.0,0.0,0.0,0.0,1133.34,39324.31,37449.4,-1874.9099999999962
q1_graph5,477657,392.38,3562.94,0.0,146.31,252.01,437.04,0.0,513.34,0.0,0.0,116.35,0.0,0.0,118.6,0.17,2123.92,0.0,0.0,565.75,718.46,302.61,0.0,581.82,162.53,0.0,1164.18,0.0,101.86,0.0,0.0,7304.95,3955.32,-3349.6299999999997
q1_graph5,483784,1201.05,441206.0,2356.79,1728.16,2657.09,572.69,5148.59,17303.8,31733.8,5330.29,983.85,12802.8,1956.93,29938.6,1340.05,0.0,18663.5,18354.9,10303.1,6120.39,8666.52,0.0,36827.8,0.0,0.0,0.0,2588.25,0.0,8277.9,7333.98,228632.99,444763.83999999997,216130.84999999998
q1_graph5,524153,4561.47,23069.8,0.0,1171.36,143.57,21.71,0.0,6028.1,0.0,0.0,1348.59,3631.34,315.31,0.0,11.03,17503.1,0.0,0.0,4739.4,7740.68,507.95,0.0,3609.81,1807.45,3196.25,0.0,0.0,229.28,930.86,2189.28,55125.07,27631.27,-27493.8
q1_graph5,530990,325.81,21534.1,0.0,216.43,29.42,590.84,0.0,2692.27,0.0,0.0,267.97,1109.22,390.48,3451.82,0.0,7510.12,0.0,749.67,2583.05,2126.4,612.18,0.0,797.33,3139.99,0.0,0.0,62.83,130.95,0.0,134.41,26595.380000000005,21859.91,-4735.470000000005
q1_graph5,549840,762.06,10144.0,0.0,574.87,386.66,1676.57,0.0,2683.2,0.0,345.49,223.53,713.73,392.46,2024.76,0.0,4156.52,2987.84,0.0,1291.33,195.71,0.0,0.0,216.7,653.86,248.04,0.0,273.58,205.38,0.0,643.26,19893.489999999998,10906.06,-8987.429999999998
q1_graph5,561819,0.0,11074.4,0.0,61.95,303.21,2435.24,0.0,661.68,0.0,922.76,109.98,729.34,1011.27,1268.58,0.0,2497.95,366.28,0.0,541.51,699.05,982.87,0.0,418.66,460.37,417.69,0.0,262.73,0.0,421.73,1027.12,15599.969999999998,11074.4,-4525.569999999998
q1_graph5,573137,0.0,11488.3,0.0,210.35,322.4,248.56,0.0,1210.4,0.0,0.0,45.68,0.0,426.33,1357.29,0.0,4835.03,83.46,53.93,2555.9,1725.25,625.06,0.0,0.0,1295.19,328.93,254.74,297.91,581.83,0.0,0.0,16458.24,11488.3,-4969.940000000002
q1_graph5,594308,1693.86,33720.8,0.0,298.61,632.36,657.17,0.0,1019.14,2240.53,2959.18,487.49,2416.01,0.0,3651.56,0.0,6971.99,0.0,247.67,71.01,81.19,3002.98,0.0,2958.78,3468.46,190.0,0.0,284.64,0.0,571.12,974.96,33184.85,35414.66,2229.810000000005
q1_graph5,619322,0.0,25157.9,0.0,379.61,655.16,1504.41,0.0,253.08,0.0,0.0,62.8,1982.88,235.34,4452.55,112.12,0.0,83.88,534.96,0.0,1133.88,521.92,0.0,1411.22,5634.9,712.17,0.0,248.96,444.76,1183.04,302.5,21850.14,25157.9,3307.760000000002
q1_graph5,631903,0.0,23118.1,0.0,205.47,794.81,822.66,0.0,2988.87,0.0,2819.24,236.72,0.0,717.54,0.0,62.49,5123.35,0.0,529.93,1605.74,1661.68,355.59,268.99,0.0,3515.59,0.0,3654.46,0.0,310.16,0.0,0.0,25673.29,23118.1,-2555.1900000000023
template,0,0.0,20000.0,0.0,300.0,800.0,1000.0,0.0,400.0,0.0,0.0,200.0,50.0,30.0,2000.0,80.0,2000.0,100.0,300.0,800.0,3000.0,0.0,0.0,0.0,800.0,1000.0,4000.0,0.0,0.0,0.0,1000.0,17860.0,20000.0,2140.0
template,2,600.0,40000.0,0.0,900.0,600.0,2000.0,0.0,1000.0,3000.0,200.0,100.0,1000.0,400.0,4000.0,20.0,0.0,3000.0,1000.0,2000.0,2000.0,3000.0,0.0,0.0,5000.0,700.0,5000.0,10.0,0.0,1000.0,500.0,36430.0,40600.0,4170.0
template,27,1000.0,50000.0,0.0,700.0,600.0,700.0,0.0,4000.0,6000.0,0.0,400.0,900.0,50.0,5000.0,0.0,0.0,2000.0,0.0,5000.0,700.0,1000.0,0.0,800.0,9000.0,0.0,6000.0,300.0,0.0,2000.0,800.0,45950.0,51000.0,5050.0
template,29,0.0,30000.0,0.0,600.0,800.0,1000.0,0.0,1000.0,0.0,0.0,200.0,1000.0,200.0,4000.0,0.0,8000.0,2000.0,0.0,2000.0,1000.0,500.0,0.0,400.0,6000.0,400.0,6000.0,500.0,0.0,100.0,200.0,35900.0,30000.0,-5900.0
template,31,0.0,9000.0,0.0,500.0,400.0,2000.0,500.0,2000.0,2000.0,0.0,400.0,1000.0,600.0,1000.0,0.0,5000.0,70.0,200.0,0.0,1000.0,200.0,0.0,500.0,700.0,900.0,4000.0,300.0,0.0,200.0,1000.0,24470.0,9000.0,-15470.0
template,33,400.0,40000.0,0.0,100.0,500.0,3000.0,0.0,900.0,0.0,3000.0,500.0,0.0,200.0,2000.0,0.0,4000.0,400.0,2000.0,0.0,3000.0,2000.0,0.0,3000.0,10000.0,2000.0,5000.0,500.0,0.0,900.0,0.0,43000.0,40400.0,-2600.0
template,34,0.0,10000.0,0.0,200.0,0.0,2000.0,0.0,3000.0,0.0,2000.0,200.0,0.0,600.0,1000.0,0.0,4000.0,0.0,100.0,300.0,40.0,800.0,0.0,100.0,1000.0,30.0,3000.0,400.0,0.0,1000.0,0.0,19770.0,10000.0,-9770.0
template,35,0.0,40000.0,0.0,600.0,700.0,100.0,0.0,200.0,0.0,3000.0,80.0,0.0,1000.0,6000.0,40.0,6000.0,0.0,0.0,1000.0,1000.0,0.0,0.0,0.0,6000.0,0.0,6000.0,600.0,0.0,2000.0,0.0,34320.0,40000.0,5680.0
template,36,1000.0,10000.0,700.0,500.0,300.0,2000.0,0.0,3000.0,0.0,400.0,200.0,0.0,400.0,1000.0,200.0,9000.0,0.0,100.0,1000.0,2000.0,0.0,0.0,500.0,0.0,0.0,3000.0,500.0,0.0,700.0,0.0,24800.0,11700.0,-13100.0
template,37,0.0,20000.0,800.0,200.0,500.0,2000.0,0.0,2000.0,0.0,1000.0,400.0,800.0,0.0,5000.0,60.0,0.0,2000.0,0.0,0.0,2000.0,0.0,0.0,50.0,0.0,300.0,2000.0,300.0,0.0,0.0,1000.0,19610.0,20800.0,1190.0
template,38,70.0,20000.0,400.0,200.0,600.0,2000.0,0.0,2000.0,0.0,1000.0,300.0,0.0,0.0,3000.0,60.0,0.0,1000.0,70.0,600.0,1000.0,500.0,0.0,800.0,0.0,0.0,600.0,200.0,0.0,0.0,0.0,13930.0,20470.0,6540.0
template,39,0.0,5000.0,0.0,200.0,0.0,800.0,0.0,2000.0,0.0,2000.0,200.0,0.0,300.0,0.0,90.0,300.0,2000.0,0.0,0.0,1000.0,200.0,0.0,0.0,1000.0,3000.0,0.0,0.0,0.0,900.0,0.0,13990.0,5000.0,-8990.0
template,40,800.0,10000.0,300.0,400.0,500.0,2000.0,500.0,2000.0,0.0,0.0,100.0,0.0,1000.0,700.0,300.0,8000.0,1000.0,100.0,600.0,1000.0,400.0,0.0,300.0,0.0,0.0,0.0,0.0,0.0,70.0,0.0,18970.0,11100.0,-7870.0
template,41,300.0,9000.0,0.0,500.0,70.0,30.0,0.0,800.0,0.0,0.0,100.0,0.0,40.0,1000.0,100.0,400.0,0.0,500.0,2000.0,1000.0,0.0,0.0,400.0,2000.0,0.0,0.0,40.0,0.0,0.0,0.0,8980.0,9300.0,320.0
template,42,0.0,10000.0,0.0,700.0,700.0,3000.0,0.0,1000.0,0.0,1000.0,200.0,0.0,500.0,700.0,100.0,0.0,0.0,0.0,900.0,2000.0,300.0,0.0,600.0,400.0,600.0,0.0,200.0,0.0,800.0,0.0,13700.0,10000.0,-3700.0
template,43,20.0,10000.0,0.0,400.0,300.0,300.0,700.0,400.0,0.0,2000.0,100.0,0.0,80.0,400.0,70.0,6000.0,0.0,500.0,500.0,1000.0,0.0,0.0,1000.0,2000.0,0.0,0.0,70.0,0.0,0.0,0.0,15820.0,10020.0,-5800.0
template,44,0.0,200000.0,0.0,800.0,1000.0,2000.0,0.0,0.0,0.0,5000.0,400.0,0.0,0.0,6000.0,200.0,7000.0,2000.0,0.0,3000.0,500.0,0.0,0.0,9000.0,4000.0,0.0,6000.0,400.0,0.0,900.0,0.0,48200.0,200000.0,151800.0
template,45,4000.0,40000.0,0.0,800.0,700.0,900.0,0.0,0.0,3000.0,1000.0,200.0,2.0,0.0,10000.0,60.0,6000.0,1000.0,200.0,3000.0,3000.0,4000.0,0.0,600.0,8000.0,2000.0,6000.0,300.0,0.0,3000.0,800.0,54562.0,44000.0,-10562.0
template,46,0.0,30000.0,0.0,200.0,500.0,1000.0,0.0,2000.0,3000.0,600.0,50.0,2000.0,200.0,700.0,0.0,1000.0,0.0,700.0,0.0,5000.0,600.0,0.0,700.0,3000.0,1000.0,3000.0,70.0,0.0,0.0,2000.0,27320.0,30000.0,2680.0
template,47,0.0,10000.0,0.0,700.0,600.0,600.0,0.0,500.0,0.0,2000.0,300.0,0.0,0.0,3000.0,80.0,4000.0,0.0,20.0,200.0,4000.0,200.0,0.0,2000.0,900.0,0.0,5000.0,0.0,0.0,0.0,0.0,24100.0,10000.0,-14100.0
template,48,0.0,40000.0,0.0,500.0,900.0,300.0,0.0,200.0,0.0,3000.0,10.0,0.0,500.0,5000.0,0.0,3000.0,0.0,600.0,0.0,2000.0,2000.0,0.0,100.0,6000.0,0.0,4000.0,500.0,0.0,0.0,0.0,28610.0,40000.0,11390.0
template,49,1000.0,40000.0,0.0,500.0,700.0,300.0,0.0,3000.0,2000.0,0.0,300.0,200.0,0.0,1000.0,20.0,5000.0,2000.0,1000.0,4000.0,3000.0,3000.0,1000.0,400.0,6000.0,3000.0,5000.0,300.0,1000.0,400.0,2000.0,45120.0,41000.0,-4120.0
template,52,0.0,50000.0,0.0,7.0,400.0,3000.0,0.0,4000.0,3000.0,2000.0,70.0,2000.0,0.0,0.0,0.0,5000.0,2000.0,700.0,50.0,4000.0,0.0,0.0,800.0,9000.0,0.0,4000.0,20.0,0.0,1000.0,1000.0,42047.0,50000.0,7953.0
template,53,0.0,50000.0,7000.0,70.0,2000.0,1000.0,0.0,6000.0,0.0,400.0,90.0,0.0,600.0,0.0,200.0,0.0,0.0,0.0,2000.0,2000.0,3000.0,0.0,4000.0,0.0,400.0,0.0,0.0,0.0,900.0,0.0,22660.0,57000.0,34340.0
template,54,4000.0,30000.0,0.0,2000.0,1000.0,1000.0,0.0,3000.0,0.0,1000.0,200.0,0.0,0.0,4000.0,500.0,500.0,0.0,900.0,2000.0,1000.0,0.0,0.0,4000.0,4000.0,10000.0,0.0,2000.0,0.0,1000.0,0.0,38100.0,34000.0,-4100.0
template,55,4000.0,30000.0,2000.0,600.0,2000.0,6000.0,0.0,8000.0,0.0,1000.0,1000.0,0.0,0.0,0.0,0.0,20000.0,0.0,700.0,0.0,5000.0,300.0,0.0,0.0,0.0,4000.0,0.0,0.0,0.0,0.0,0.0,48600.0,36000.0,-12600.0
template,56,0.0,30000.0,0.0,2000.0,1000.0,3000.0,0.0,5000.0,0.0,7000.0,300.0,0.0,2000.0,2000.0,900.0,7000.0,0.0,0.0,3000.0,5000.0,2000.0,0.0,3000.0,800.0,4000.0,0.0,0.0,0.0,400.0,0.0,48400.0,30000.0,-18400.0
template,57,0.0,20000.0,200000.0,1000.0,0.0,3000.0,4000.0,10000.0,20000.0,20000.0,100.0,5000.0,0.0,40000.0,200.0,0.0,20000.0,9000.0,10000.0,10000.0,0.0,3000.0,0.0,0.0,100000.0,40000.0,2000.0,0.0,6000.0,9000.0,312300.0,220000.0,-92300.0
template,58,100.0,3000.0,0.0,3.0,60.0,200.0,0.0,0.0,0.0,200.0,90.0,0.0,0.0,0.0,6.0,1000.0,0.0,0.0,800.0,1000.0,0.0,0.0,0.0,200.0,400.0,0.0,6.0,0.0,300.0,0.0,4265.0,3100.0,-1165.0
template,59,0.0,5000.0,0.0,100.0,200.0,200.0,0.0,200.0,0.0,0.0,200.0,0.0,0.0,300.0,50.0,3000.0,500.0,0.0,0.0,500.0,400.0,0.0,0.0,600.0,500.0,0.0,30.0,0.0,20.0,0.0,6800.0,5000.0,-1800.0
template,60,200.0,3000.0,200.0,300.0,70.0,80.0,0.0,300.0,0.0,700.0,50.0,0.0,80.0,0.0,50.0,2000.0,0.0,200.0,200.0,600.0,0.0,0.0,600.0,0.0,0.0,0.0,0.0,0.0,30.0,0.0,5260.0,3400.0,-1860.0
template,61,400.0,4000.0,0.0,300.0,200.0,300.0,0.0,900.0,0.0,900.0,90.0,0.0,100.0,100.0,0.0,0.0,300.0,0.0,70.0,600.0,80.0,0.0,600.0,200.0,1000.0,3000.0,300.0,0.0,60.0,0.0,9100.0,4400.0,-4700.0
template,62,400.0,10000.0,0.0,300.0,200.0,90.0,0.0,2000.0,0.0,100.0,200.0,0.0,100.0,900.0,60.0,3000.0,600.0,200.0,0.0,300.0,300.0,0.0,0.0,1000.0,0.0,2000.0,100.0,0.0,0.0,0.0,11450.0,10400.0,-1050.0
template,63,0.0,100000.0,20000.0,400.0,300.0,1000.0,0.0,400.0,0.0,80.0,100.0,0.0,80.0,10000.0,20.0,3000.0,0.0,1000.0,1000.0,2000.0,800.0,0.0,0.0,0.0,20000.0,5000.0,0.0,0.0,700.0,0.0,45880.0,120000.0,74120.0
template,64,1000.0,20000.0,0.0,500.0,100.0,200.0,0.0,2000.0,1000.0,500.0,100.0,2000.0,0.0,4000.0,0.0,0.0,700.0,400.0,4000.0,1000.0,0.0,0.0,0.0,6000.0,1000.0,2000.0,0.0,0.0,0.0,1000.0,26500.0,21000.0,-5500.0
template,65,300.0,10000.0,0.0,400.0,60.0,400.0,0.0,500.0,2000.0,700.0,400.0,2000.0,0.0,2000.0,20.0,0.0,0.0,10.0,500.0,1000.0,1000.0,600.0,600.0,2000.0,1000.0,2000.0,200.0,0.0,700.0,500.0,18590.0,10300.0,-8290.0
