graph,pair_min,pair_max,email,phone,total_communication
q1_graph1,464459,533140,3.0,0.0,3.0
q1_graph1,464459,568093,1.0,0.0,1.0
q1_graph1,464459,616050,0.0,1.0,1.0
q1_graph1,464459,632150,0.0,4.0,4.0
q1_graph1,490041,492777,1.0,0.0,1.0
q1_graph1,490041,493044,2.0,0.0,2.0
q1_graph1,490041,550361,2.0,1.0,3.0
q1_graph1,490041,589639,8.0,6.0,14.0
q1_graph1,490041,599956,13.0,10.0,23.0
q1_graph1,490041,623295,2.0,1.0,3.0
q1_graph1,490041,635665,5.0,3.0,8.0
q1_graph1,490041,640464,0.0,1.0,1.0
q1_graph1,492777,493044,4.0,3.0,7.0
q1_graph1,492777,550361,3.0,1.0,4.0
q1_graph1,492777,596193,6.0,1.0,7.0
q1_graph1,492777,599956,0.0,4.0,4.0
q1_graph1,492777,623295,7.0,9.0,16.0
q1_graph1,492777,635665,12.0,8.0,20.0
q1_graph1,493044,550361,1.0,3.0,4.0
q1_graph1,493044,596193,3.0,0.0,3.0
q1_graph1,493044,599956,1.0,2.0,3.0
q1_graph1,493044,623295,0.0,1.0,1.0
q1_graph1,493044,635665,0.0,4.0,4.0
q1_graph1,512397,550287,10.0,0.0,10.0
q1_graph1,512397,635665,9.0,0.0,9.0
q1_graph1,533140,568093,1.0,0.0,1.0
q1_graph1,533140,591682,3.0,1.0,4.0
q1_graph1,533140,616050,3.0,5.0,8.0
q1_graph1,533140,632150,0.0,2.0,2.0
q1_graph1,533140,635665,0.0,2.0,2.0
q1_graph1,550287,635665,2.0,0.0,2.0
q1_graph1,550361,589639,2.0,0.0,2.0
q1_graph1,550361,596193,5.0,1.0,6.0
q1_graph1,550361,599956,3.0,1.0,4.0
q1_graph1,550361,623295,5.0,2.0,7.0
q1_graph1,550361,635665,2.0,2.0,4.0
q1_graph1,550361,640464,1.0,0.0,1.0
q1_graph1,559657,635665,5.0,0.0,5.0
q1_graph1,568093,591682,1.0,0.0,1.0
q1_graph1,568093,616050,2.0,0.0,2.0
q1_graph1,568093,632150,4.0,1.0,5.0
q1_graph1,568093,635665,1.0,1.0,2.0
q1_graph1,570411,599956,3.0,1.0,4.0
q1_graph1,570411,623295,3.0,0.0,3.0
q1_graph1,570411,635665,2.0,3.0,5.0
q1_graph1,570411,640464,3.0,5.0,8.0
q1_graph1,589639,599956,4.0,10.0,14.0
q1_graph1,589639,623295,1.0,0.0,1.0
q1_graph1,589639,635665,3.0,1.0,4.0
q1_graph1,591682,632150,0.0,1.0,1.0
q1_graph1,596193,599956,0.0,1.0,1.0
q1_graph1,596193,623295,5.0,0.0,5.0
q1_graph1,596193,635665,4.0,3.0,7.0
q1_graph1,596193,640464,1.0,0.0,1.0
q1_graph1,599956,623295,2.0,1.0,3.0
q1_graph1,599956,635665,13.0,3.0,16.0
q1_graph1,599956,640464,2.0,0.0,2.0
q1_graph1,616050,632150,0.0,1.0,1.0
q1_graph1,616050,635665,1.0,2.0,3.0
q1_graph1,623295,635665,6.0,8.0,14.0
q1_graph1,623295,640464,1.0,0.0,1.0
q1_graph1,632150,635665,0.0,3.0,3.0
q1_graph1,635665,640464,0.0,7.0,7.0
q1_graph2,477138,505965,1.0,1.0,2.0
q1_graph2,477138,515794,2.0,1.0,3.0
q1_graph2,477138,534449,1.0,0.0,1.0
q1_graph2,477138,544615,3.0,0.0,3.0
q1_graph2,477138,572413,1.0,0.0,1.0
q1_graph2,477138,602912,10.0,4.0,14.0
q1_graph2,477138,629627,7.0,9.0,16.0
q1_graph2,477138,639051,12.0,10.0,22.0
q1_graph2,488928,585212,10.0,0.0,10.0
q1_graph2,488928,644830,10.0,0.0,10.0
q1_graph2,505965,515794,16.0,8.0,24.0
q1_graph2,505965,534449,1.0,2.0,3.0
q1_graph2,505965,544615,0.0,1.0,1.0
q1_graph2,505965,572413,6.0,8.0,14.0
q1_graph2,505965,602912,0.0,3.0,3.0
q1_graph2,505965,629627,15.0,10.0,25.0
q1_graph2,505965,639051,0.0,1.0,1.0
q1_graph2,515794,534449,1.0,0.0,1.0
q1_graph2,515794,544615,1.0,1.0,2.0
q1_graph2,515794,572413,4.0,4.0,8.0
q1_graph2,515794,602912,6.0,1.0,7.0
q1_graph2,515794,629627,9.0,13.0,22.0
q1_graph2,527597,534034,3.0,1.0,4.0
q1_graph2,527597,541017,5.0,0.0,5.0
q1_graph2,527597,563211,3.0,1.0,4.0
q1_graph2,527597,582851,1.0,6.0,7.0
q1_graph2,527597,585212,2.0,4.0,6.0
q1_graph2,527597,599441,2.0,1.0,3.0
q1_graph2,527597,629627,3.0,0.0,3.0
q1_graph2,534034,563211,1.0,0.0,1.0
q1_graph2,534034,582851,1.0,0.0,1.0
q1_graph2,534034,585212,1.0,2.0,3.0
q1_graph2,534034,599441,2.0,0.0,2.0
q1_graph2,534034,629627,4.0,0.0,4.0
q1_graph2,534449,544615,14.0,6.0,20.0
q1_graph2,534449,602912,3.0,1.0,4.0
q1_graph2,534449,629627,5.0,16.0,21.0
q1_graph2,541017,563211,1.0,3.0,4.0
q1_graph2,541017,582851,1.0,5.0,6.0
q1_graph2,541017,585212,3.0,1.0,4.0
q1_graph2,541017,599441,2.0,2.0,4.0
q1_graph2,541017,629627,2.0,2.0,4.0
q1_graph2,544615,572413,2.0,0.0,2.0
q1_graph2,544615,602912,1.0,1.0,2.0
q1_graph2,544615,629627,4.0,6.0,10.0
q1_graph2,544615,639051,4.0,0.0,4.0
q1_graph2,563211,582851,0.0,3.0,3.0
q1_graph2,563211,585212,1.0,3.0,4.0
q1_graph2,563211,629627,3.0,0.0,3.0
q1_graph2,572413,602912,3.0,0.0,3.0
q1_graph2,572413,629627,4.0,6.0,10.0
q1_graph2,572413,639051,1.0,0.0,1.0
q1_graph2,582851,585212,0.0,3.0,3.0
q1_graph2,582851,599441,1.0,0.0,1.0
q1_graph2,582851,629627,2.0,1.0,3.0
q1_graph2,585212,599441,2.0,2.0,4.0
q1_graph2,585212,629627,2.0,3.0,5.0
q1_graph2,585212,644830,18.0,0.0,18.0
q1_graph2,599441,629627,4.0,0.0,4.0
q1_graph2,602912,629627,9.0,8.0,17.0
q1_graph2,602912,639051,6.0,5.0,11.0
q1_graph2,629627,639051,16.0,8.0,24.0
q1_graph3,493094,521318,5.0,0.0,5.0
q1_graph3,493094,536003,11.0,0.0,11.0
q1_graph3,493094,542649,3.0,0.0,3.0
q1_graph3,493094,572391,15.0,0.0,15.0
q1_graph3,493652,516236,0.0,2.0,2.0
q1_graph3,493652,538892,2.0,2.0,4.0
q1_graph3,493652,541619,1.0,1.0,2.0
q1_graph3,493652,544074,2.0,1.0,3.0
q1_graph3,493652,607386,1.0,1.0,2.0
q1_graph3,500813,538892,2.0,2.0,4.0
q1_graph3,500813,542965,2.0,3.0,5.0
q1_graph3,500813,572391,1.0,1.0,2.0
q1_graph3,500813,614761,3.0,4.0,7.0
q1_graph3,516236,538892,0.0,2.0,2.0
q1_graph3,516236,541619,1.0,0.0,1.0
q1_graph3,516236,544074,3.0,0.0,3.0
q1_graph3,516236,607386,1.0,0.0,1.0
q1_graph3,521318,572391,7.0,0.0,7.0
q1_graph3,536003,572391,4.0,0.0,4.0
q1_graph3,538892,541619,8.0,0.0,8.0
q1_graph3,538892,542965,0.0,2.0,2.0
q1_graph3,538892,544074,8.0,7.0,15.0
q1_graph3,538892,572391,0.0,3.0,3.0
q1_graph3,538892,607386,2.0,1.0,3.0
q1_graph3,538892,614761,2.0,1.0,3.0
q1_graph3,541619,544074,10.0,9.0,19.0
q1_graph3,541619,607386,2.0,3.0,5.0
q1_graph3,542649,572391,8.0,0.0,8.0
q1_graph3,542965,614761,3.0,2.0,5.0
q1_graph3,544074,607386,1.0,0.0,1.0
q1_graph3,572391,614761,1.0,4.0,5.0
q1_graph4,459726,464579,1.0,0.0,1.0
q1_graph4,464579,492850,1.0,0.0,1.0
q1_graph4,464579,500336,0.0,1.0,1.0
q1_graph4,464579,516393,0.0,1.0,1.0
q1_graph4,464579,521673,0.0,1.0,1.0
q1_graph4,464579,536906,1.0,0.0,1.0
q1_graph4,464579,537816,0.0,1.0,1.0
q1_graph4,464579,558089,0.0,1.0,1.0
q1_graph4,464579,571670,0.0,1.0,1.0
q1_graph4,464579,578749,0.0,1.0,1.0
q1_graph4,464579,579305,0.0,1.0,1.0
q1_graph4,464579,580237,0.0,1.0,1.0
q1_graph4,464579,588172,1.0,1.0,2.0
q1_graph4,464579,596726,1.0,0.0,1.0
q1_graph4,464579,611238,0.0,1.0,1.0
q1_graph4,464579,611572,1.0,0.0,1.0
q1_graph4,464579,623468,1.0,0.0,1.0
q1_graph4,464579,636721,1.0,0.0,1.0
q1_graph4,464579,645371,0.0,1.0,1.0
q1_graph4,477374,536906,0.0,1.0,1.0
q1_graph4,482012,492850,0.0,1.0,1.0
q1_graph4,482012,569329,0.0,1.0,1.0
q1_graph4,482012,580798,1.0,0.0,1.0
q1_graph4,482012,588172,0.0,1.0,1.0
q1_graph4,483005,516873,1.0,0.0,1.0
q1_graph4,483005,536906,1.0,0.0,1.0
q1_graph4,483005,579305,0.0,2.0,2.0
q1_graph4,483005,655963,1.0,0.0,1.0
q1_graph4,492850,536906,0.0,1.0,1.0
q1_graph4,492850,546593,0.0,1.0,1.0
q1_graph4,492850,569329,0.0,1.0,1.0
q1_graph4,492850,580798,1.0,1.0,2.0
q1_graph4,492850,588172,0.0,2.0,2.0
q1_graph4,492850,636721,1.0,0.0,1.0
q1_graph4,516873,536906,0.0,1.0,1.0
q1_graph4,516873,585606,1.0,0.0,1.0
q1_graph4,536906,541907,1.0,0.0,1.0
q1_graph4,536906,544636,0.0,1.0,1.0
q1_graph4,536906,557269,0.0,1.0,1.0
q1_graph4,536906,566580,0.0,1.0,1.0
q1_graph4,536906,569329,1.0,0.0,1.0
q1_graph4,536906,571369,1.0,0.0,1.0
q1_graph4,536906,579305,0.0,1.0,1.0
q1_graph4,536906,584457,1.0,0.0,1.0
q1_graph4,536906,585606,1.0,0.0,1.0
q1_graph4,536906,601496,0.0,1.0,1.0
q1_graph4,536906,628320,0.0,1.0,1.0
q1_graph4,536906,636721,0.0,1.0,1.0
q1_graph4,536906,639642,0.0,1.0,1.0
q1_graph4,536906,655963,0.0,1.0,1.0
q1_graph4,536906,657526,0.0,1.0,1.0
q1_graph4,541907,628320,1.0,0.0,1.0
q1_graph4,544636,544636,1.0,0.0,1.0
q1_graph4,544636,557269,0.0,3.0,3.0
q1_graph4,544636,579305,0.0,3.0,3.0
q1_graph4,544636,585606,0.0,1.0,1.0
q1_graph4,546593,580798,1.0,0.0,1.0
q1_graph4,546593,588172,0.0,1.0,1.0
q1_graph4,546593,636721,1.0,0.0,1.0
q1_graph4,546593,657526,1.0,0.0,1.0
q1_graph4,557269,601496,2.0,0.0,2.0
q1_graph4,557269,628320,0.0,1.0,1.0
q1_graph4,557269,639642,4.0,2.0,6.0
q1_graph4,557269,655963,0.0,1.0,1.0
q1_graph4,566580,584457,1.0,0.0,1.0
q1_graph4,569329,588172,1.0,1.0,2.0
q1_graph4,569329,636721,1.0,0.0,1.0
q1_graph4,579305,584457,2.0,1.0,3.0
q1_graph4,579305,601496,0.0,1.0,1.0
q1_graph4,579305,639642,1.0,2.0,3.0
q1_graph4,579305,655963,1.0,3.0,4.0
q1_graph4,580798,588172,1.0,0.0,1.0
q1_graph4,580798,636721,0.0,1.0,1.0
q1_graph4,584457,585606,0.0,1.0,1.0
q1_graph4,584457,601496,1.0,0.0,1.0
q1_graph4,584457,628320,0.0,1.0,1.0
q1_graph4,584457,639642,2.0,0.0,2.0
q1_graph4,588172,636721,1.0,0.0,1.0
q1_graph4,601496,655963,0.0,1.0,1.0
q1_graph4,639642,639642,1.0,1.0,2.0
q1_graph4,639642,655963,1.0,0.0,1.0
q1_graph4,655963,655963,0.0,1.0,1.0
q1_graph5,477657,549840,1.0,0.0,1.0
q1_graph5,477657,561819,0.0,1.0,1.0
q1_graph5,477657,573137,1.0,0.0,1.0
q1_graph5,477657,594308,0.0,1.0,1.0
q1_graph5,477657,619322,0.0,1.0,1.0
q1_graph5,477657,631903,1.0,0.0,1.0
q1_graph5,483784,549840,1.0,1.0,2.0
q1_graph5,483784,561819,0.0,1.0,1.0
q1_graph5,483784,619322,0.0,1.0,1.0
q1_graph5,483784,631903,1.0,0.0,1.0
q1_graph5,524153,530990,1.0,0.0,1.0
q1_graph5,524153,549840,1.0,0.0,1.0
q1_graph5,524153,594308,1.0,0.0,1.0
q1_graph5,524153,631903,1.0,0.0,1.0
q1_graph5,530990,561819,0.0,3.0,3.0
q1_graph5,530990,573137,0.0,1.0,1.0
q1_graph5,530990,619322,1.0,1.0,2.0
q1_graph5,530990,631903,1.0,0.0,1.0
q1_graph5,549840,594308,1.0,1.0,2.0
q1_graph5,549840,619322,1.0,0.0,1.0
q1_graph5,561819,594308,0.0,1.0,1.0
q1_graph5,561819,619322,1.0,0.0,1.0
q1_graph5,573137,594308,1.0,0.0,1.0
q1_graph5,594308,631903,1.0,1.0,2.0
q1_graph5,619322,631903,1.0,0.0,1.0
template,0,40,4.0,3.0,7.0
template,0,41,3.0,3.0,6.0
template,0,65,1.0,4.0,5.0
template,27,34,5.0,14.0,19.0
template,27,37,10.0,12.0,22.0
template,27,41,6.0,10.0,16.0
template,27,43,0.0,3.0,3.0
template,27,45,0.0,1.0,1.0
template,27,47,0.0,4.0,4.0
template,27,56,0.0,2.0,2.0
template,27,57,2.0,1.0,3.0
template,27,58,3.0,2.0,5.0
template,27,63,0.0,2.0,2.0
template,34,37,13.0,9.0,22.0
template,34,41,7.0,10.0,17.0
template,34,43,0.0,1.0,1.0
template,34,45,0.0,1.0,1.0
template,34,56,1.0,4.0,5.0
template,34,57,2.0,0.0,2.0
template,34,58,3.0,1.0,4.0
template,34,63,1.0,2.0,3.0
template,37,41,10.0,8.0,18.0
template,37,43,1.0,1.0,2.0
template,37,45,4.0,0.0,4.0
template,37,47,1.0,0.0,1.0
template,37,56,2.0,1.0,3.0
template,37,57,1.0,0.0,1.0
template,37,58,3.0,1.0,4.0
template,37,63,4.0,3.0,7.0
template,39,40,5.0,3.0,8.0
template,39,41,6.0,3.0,9.0
template,39,47,26.0,0.0,26.0
template,39,65,1.0,2.0,3.0
template,39,66,5.0,0.0,5.0
template,39,67,37.0,0.0,37.0
template,40,41,3.0,4.0,7.0
template,40,65,2.0,7.0,9.0
template,41,43,6.0,4.0,10.0
template,41,45,2.0,6.0,8.0
template,41,47,2.0,6.0,8.0
template,41,56,12.0,9.0,21.0
template,41,57,5.0,10.0,15.0
template,41,58,2.0,9.0,11.0
template,41,63,13.0,13.0,26.0
template,41,65,8.0,7.0,15.0
template,43,45,4.0,8.0,12.0
template,43,47,5.0,1.0,6.0
template,43,56,0.0,3.0,3.0
template,43,57,3.0,0.0,3.0
template,43,58,4.0,3.0,7.0
template,43,63,6.0,2.0,8.0
template,45,47,1.0,6.0,7.0
template,45,56,0.0,3.0,3.0
template,45,57,1.0,0.0,1.0
template,45,58,0.0,5.0,5.0
template,45,63,6.0,4.0,10.0
template,47,56,2.0,2.0,4.0
template,47,57,0.0,2.0,2.0
template,47,58,9.0,2.0,11.0
template,47,63,8.0,3.0,11.0
template,47,67,8.0,0.0,8.0
template,56,57,10.0,3.0,13.0
template,56,58,4.0,2.0,6.0
template,56,63,1.0,6.0,7.0
template,57,58,1.0,0.0,1.0
template,57,63,1.0,0.0,1.0
template,58,63,18.0,8.0,26.0
